iter,batch_size,epoch,loss,mean_loss
0,16,0,0.15551280975341797,
1,16,0,0.1648925095796585,
2,16,0,0.19613447785377502,
3,16,0,0.20822051167488098,
4,16,0,0.18939833343029022,
5,16,0,0.18338720500469208,
6,16,0,0.1519722044467926,
7,16,0,0.15790411829948425,
8,16,0,0.17451882362365723,
9,16,0,0.18542256951332092,
10,16,0,0.1648433953523636,
11,16,0,0.17302219569683075,
12,16,0,0.17486219108104706,
13,16,0,0.1850285530090332,
14,16,0,0.18378770351409912,
15,16,0,0.16721920669078827,
16,16,0,0.18225090205669403,
17,16,0,0.18463844060897827,
18,16,0,0.16868405044078827,
19,16,0,0.17860178649425507,
20,16,0,0.15140706300735474,
21,16,0,0.16781964898109436,
22,16,0,0.17366676032543182,
23,16,0,0.15655553340911865,
24,16,0,0.13922235369682312,
25,16,0,0.15941041707992554,
26,16,0,0.16583508253097534,
27,16,0,0.13599838316440582,
28,16,0,0.1787022352218628,
29,16,0,0.1465294063091278,
30,16,0,0.14619474112987518,
31,16,0,0.14122849702835083,
32,16,0,0.17013172805309296,
33,16,0,0.1574951857328415,
34,16,0,0.1581517457962036,
35,16,0,0.1793404072523117,
36,16,0,0.17549841105937958,
37,16,0,0.14079269766807556,
38,16,0,0.14637628197669983,
39,16,0,0.18612661957740784,
40,16,0,0.12885096669197083,
41,16,0,0.12393432855606079,
42,16,0,0.13819772005081177,
43,16,0,0.1298174113035202,
44,16,0,0.12729714810848236,
45,16,0,0.14354638755321503,
46,16,0,0.11926501244306564,
47,16,0,0.14592769742012024,
48,16,0,0.1427856981754303,
49,16,0,0.14333298802375793,
50,16,0,0.14099690318107605,
51,16,0,0.13750815391540527,
52,16,0,0.12336844205856323,
53,16,0,0.11922087520360947,
54,16,0,0.14384983479976654,
55,16,0,0.12070983648300171,
56,16,0,0.1326560080051422,
57,16,0,0.10854490101337433,
58,16,0,0.14249393343925476,
59,16,0,0.13561078906059265,
60,16,0,0.12000774592161179,
61,16,0,0.1342792809009552,
62,16,0,0.119321309030056,
63,16,0,0.12236674129962921,
64,16,0,0.13788145780563354,
65,16,0,0.11913373321294785,
66,16,0,0.11221172660589218,
67,16,0,0.11713165044784546,
68,16,0,0.11269420385360718,
69,16,0,0.13889795541763306,
70,16,0,0.11408330500125885,
71,16,0,0.13127146661281586,
72,16,0,0.0958167314529419,
73,16,0,0.13386404514312744,
74,16,0,0.11833789199590683,
75,16,0,0.11124762892723083,
76,16,0,0.11536745727062225,
77,16,0,0.1148262545466423,
78,16,0,0.10856106132268906,
79,16,0,0.12340810894966125,
80,16,0,0.1141582578420639,
81,16,0,0.09505227208137512,
82,16,0,0.12753231823444366,
83,16,0,0.12574033439159393,
84,16,0,0.11819642782211304,
85,16,0,0.11868824809789658,
86,16,0,0.11094429343938828,
87,16,0,0.13156378269195557,
88,16,0,0.10802169889211655,
89,16,0,0.1289738267660141,
90,16,0,0.10508563369512558,
91,16,0,0.11002597212791443,
92,16,0,0.12453897297382355,
93,16,0,0.12132388353347778,
94,16,0,0.1201460063457489,
95,16,0,0.11496126651763916,
96,16,0,0.12243056297302246,
97,16,0,0.1082788035273552,
98,16,0,0.1062924712896347,
99,16,0,0.11184079945087433,
100,16,0,0.11187874525785446,
101,16,0,0.0968180000782013,
102,16,0,0.11647677421569824,
103,16,0,0.11910506337881088,
104,16,0,0.12142358720302582,
105,16,0,0.09769991040229797,
106,16,0,0.1309833824634552,
107,16,0,0.09697665274143219,
108,16,0,0.08226415514945984,
109,16,0,0.09613092988729477,
110,16,0,0.11214979737997055,
111,16,0,0.10184109210968018,
112,16,0,0.09383468329906464,
113,16,0,0.10490649938583374,
114,16,0,0.11310151219367981,
115,16,0,0.11482548713684082,
116,16,0,0.10886363685131073,
117,16,0,0.1171574592590332,
118,16,0,0.11746393889188766,
119,16,0,0.10975699126720428,
120,16,0,0.09764981269836426,
121,16,0,0.1019243523478508,
122,16,0,0.10177235305309296,
123,16,0,0.09100459516048431,
124,16,0,0.08776736259460449,
125,16,0,0.11193060874938965,
126,16,0,0.12259049713611603,
127,16,0,0.09690038859844208,
128,16,0,0.10212424397468567,
129,16,0,0.1013319194316864,
130,16,0,0.10562807321548462,
131,16,0,0.09515506029129028,
132,16,0,0.0865529328584671,
133,16,0,0.11309753358364105,
134,16,0,0.10284864902496338,
135,16,0,0.106606625020504,
136,16,0,0.10835126042366028,
137,16,0,0.11491813510656357,
138,16,0,0.1032983660697937,
139,16,0,0.11431383341550827,
140,16,0,0.13542264699935913,
141,16,0,0.10074323415756226,
142,16,0,0.09866048395633698,
143,16,0,0.10550185292959213,
144,16,0,0.09405722469091415,
145,16,0,0.08811797946691513,
146,16,0,0.10913120955228806,
147,16,0,0.08967145532369614,
148,16,0,0.09933801740407944,
149,16,0,0.09648346900939941,
150,16,0,0.09580443799495697,
151,16,0,0.11506198346614838,
152,16,0,0.09087789058685303,
153,16,0,0.10314762592315674,
154,16,0,0.09877152740955353,
155,16,0,0.10059551894664764,
156,16,0,0.11878657341003418,
157,16,0,0.09290754795074463,
158,16,0,0.12517613172531128,
159,16,0,0.0988590344786644,
160,16,0,0.08391936868429184,
161,16,0,0.10810219496488571,
162,16,0,0.09840725362300873,
163,16,0,0.10712288320064545,
164,16,0,0.11252468079328537,
165,16,0,0.09890411794185638,
166,16,0,0.09839767217636108,
167,16,0,0.09044460952281952,
168,16,0,0.10075225681066513,
169,16,0,0.10089480876922607,
170,16,0,0.09755115211009979,
171,16,0,0.1027299016714096,
172,16,0,0.0894194170832634,
173,16,0,0.0872342586517334,
174,16,0,0.08355960249900818,
175,16,0,0.0973808616399765,
176,16,0,0.09320111572742462,
177,16,0,0.09592809528112411,
178,16,0,0.08110566437244415,
179,16,0,0.08903380483388901,
180,16,0,0.08195317536592484,
181,16,0,0.09475521743297577,
182,16,0,0.09578198194503784,
183,16,0,0.0853765606880188,
184,16,0,0.1043149083852768,
185,16,0,0.09453856199979782,
186,16,0,0.10700321197509766,
187,16,0,0.08517634123563766,
188,16,0,0.10137103497982025,
189,16,0,0.07984502613544464,
190,16,0,0.10633697360754013,
191,16,0,0.10007479786872864,
192,16,0,0.08768706023693085,
193,16,0,0.09181784093379974,
194,16,0,0.10087507963180542,
195,16,0,0.10020105540752411,
196,16,0,0.09644147008657455,
197,16,0,0.08474259078502655,
198,16,0,0.0978989452123642,
199,16,0,0.0790267288684845,
200,16,0,0.08136175572872162,
201,16,0,0.10194951295852661,
202,16,0,0.11581256240606308,
203,16,0,0.09179385006427765,
204,16,0,0.08611812442541122,
205,16,0,0.0890275090932846,
206,16,0,0.09870623052120209,
207,16,0,0.09724532812833786,
208,16,0,0.10182361304759979,
209,16,0,0.0911254808306694,
210,16,0,0.09313012659549713,
211,16,0,0.08544661849737167,
212,16,0,0.09184271097183228,
213,16,0,0.09040091931819916,
214,16,0,0.09442206472158432,
215,16,0,0.09963041543960571,
216,16,0,0.09141412377357483,
217,16,0,0.09222864359617233,
218,16,0,0.12163242697715759,
219,16,0,0.10420513153076172,
220,16,0,0.09579699486494064,
221,16,0,0.10782976448535919,
222,16,0,0.09419708698987961,
223,16,0,0.10637879371643066,
224,16,0,0.09429661929607391,
225,16,0,0.08860989660024643,
226,16,0,0.1042197048664093,
227,16,0,0.09205417335033417,
228,16,0,0.08929084241390228,
229,16,0,0.08670558780431747,
230,16,0,0.09230383485555649,
231,16,0,0.08473112434148788,
232,16,0,0.08439125865697861,
233,16,0,0.09280954301357269,
234,16,0,0.0843733549118042,
235,16,0,0.09742522239685059,
236,16,0,0.09389733523130417,
237,16,0,0.08377993106842041,
238,16,0,0.08312550187110901,
239,16,0,0.08495932817459106,
240,16,0,0.09517079591751099,
241,16,0,0.0957857221364975,
242,16,0,0.09280872344970703,
243,16,0,0.09106488525867462,
244,16,0,0.08816701173782349,
245,16,0,0.10505112260580063,
246,16,0,0.10202692449092865,
247,16,0,0.09480442106723785,
248,16,0,0.09098134934902191,
249,16,0,0.09543478488922119,
250,16,0,0.09943433851003647,
251,16,0,0.10851781070232391,
252,16,0,0.08956017345190048,
253,16,0,0.09078579396009445,
254,16,0,0.08561253547668457,
255,16,0,0.1059320792555809,
256,16,0,0.07804238051176071,
257,16,0,0.10471638292074203,
258,16,0,0.08749645948410034,
259,16,0,0.0766073688864708,
260,16,0,0.08014801889657974,
261,16,0,0.09623336791992188,
262,16,0,0.08956196904182434,
263,16,0,0.1020740494132042,
264,16,0,0.08924134820699692,
265,16,0,0.08915801346302032,
266,16,0,0.06729336082935333,
267,16,0,0.07912738621234894,
268,16,0,0.09045547246932983,
269,16,0,0.11688586324453354,
270,16,0,0.0938217043876648,
271,16,0,0.09397503733634949,
272,16,0,0.08288048207759857,
273,16,0,0.10731150954961777,
274,16,0,0.07681022584438324,
275,16,0,0.09284627437591553,
276,16,0,0.09794114530086517,
277,16,0,0.08270418643951416,
278,16,0,0.07829150557518005,
279,16,0,0.09600479900836945,
280,16,0,0.09799860417842865,
281,16,0,0.0767151415348053,
282,16,0,0.0774892121553421,
283,16,0,0.09111641347408295,
284,16,0,0.11967086791992188,
285,16,0,0.09836205095052719,
286,16,0,0.09204117953777313,
287,16,0,0.09562915563583374,
288,16,0,0.09343951940536499,
289,16,0,0.08825992047786713,
290,16,0,0.09710757434368134,
291,16,0,0.10745169967412949,
292,16,0,0.08885161578655243,
293,16,0,0.10125051438808441,
294,16,0,0.08060377836227417,
295,16,0,0.09436418116092682,
296,16,0,0.09471684694290161,
297,16,0,0.08710227906703949,
298,16,0,0.08990925550460815,
299,16,0,0.09867428988218307,
300,16,0,0.10847066342830658,
301,16,0,0.09567175805568695,
302,16,0,0.06945675611495972,
303,16,0,0.10399581491947174,
304,16,0,0.09134574979543686,
305,16,0,0.0936615914106369,
306,16,0,0.09136316180229187,
307,16,0,0.1035117357969284,
308,16,0,0.08295993506908417,
309,16,0,0.08485331386327744,
310,16,0,0.09509297460317612,
311,16,0,0.10975455492734909,
312,16,0,0.08856216073036194,
313,16,0,0.0920710414648056,
314,16,0,0.1033594012260437,
315,16,0,0.09796230494976044,
316,16,0,0.08438029140233994,
317,16,0,0.08621101826429367,
318,16,0,0.093361496925354,
319,16,0,0.09686001390218735,
320,16,0,0.08950962126255035,
321,16,0,0.10028021037578583,
322,16,0,0.09699776768684387,
323,16,0,0.083168163895607,
324,16,0,0.09615413844585419,
325,16,0,0.08698781579732895,
326,16,0,0.08293324708938599,
327,16,0,0.09447281807661057,
328,16,0,0.07865193486213684,
329,16,0,0.07988036423921585,
330,16,0,0.09496253728866577,
331,16,0,0.10207106918096542,
332,16,0,0.07852040231227875,
333,16,0,0.09325172007083893,
334,16,0,0.10120024532079697,
335,16,0,0.09213440120220184,
336,16,0,0.10067405551671982,
337,16,0,0.09515969455242157,
338,16,0,0.08741876482963562,
339,16,0,0.10363873094320297,
340,16,0,0.09226910769939423,
341,16,0,0.0886315107345581,
342,16,0,0.08129464089870453,
343,16,0,0.1044231653213501,
344,16,0,0.07419987767934799,
345,16,0,0.09494337439537048,
346,16,0,0.10261790454387665,
347,16,0,0.09184060990810394,
348,16,0,0.09006796777248383,
349,16,0,0.08690842241048813,
350,16,0,0.07898108661174774,
351,16,0,0.1028960794210434,
352,16,0,0.09402700513601303,
353,16,0,0.08996634930372238,
354,16,0,0.09615224599838257,
355,16,0,0.09163092821836472,
356,16,0,0.09433986246585846,
357,16,0,0.10110870003700256,
358,16,0,0.09925150126218796,
359,16,0,0.08222392201423645,
360,16,0,0.09515474736690521,
361,16,0,0.11096654832363129,
362,16,0,0.08450865745544434,
363,16,0,0.07049313187599182,
364,16,0,0.08630317449569702,
365,16,0,0.10683973878622055,
366,16,0,0.09175235033035278,
367,16,0,0.07859035581350327,
368,16,0,0.08554480969905853,
369,16,0,0.09607446193695068,
370,16,0,0.09500663727521896,
371,16,0,0.08693890273571014,
372,16,0,0.09536412358283997,
373,16,0,0.08491301536560059,
374,16,0,0.09010770171880722,
375,16,0,0.0804646909236908,
376,16,0,0.09196352958679199,
377,16,0,0.08300632983446121,
378,16,0,0.09673687815666199,
379,16,0,0.09422185271978378,
380,16,0,0.0863068625330925,
381,16,0,0.10205844044685364,
382,16,0,0.09382008016109467,
383,16,0,0.07361836731433868,
384,16,0,0.09699036926031113,
385,16,0,0.0864686518907547,
386,16,0,0.10775678604841232,
387,16,0,0.08339452743530273,
388,16,0,0.10639122128486633,
389,16,0,0.0966874212026596,
390,16,0,0.09306254982948303,
391,16,0,0.09105600416660309,
392,16,0,0.0906146764755249,
393,16,0,0.0934290736913681,
394,16,0,0.0795738697052002,
395,16,0,0.08083820343017578,
396,16,0,0.0857669860124588,
397,16,0,0.0834255963563919,
398,16,0,0.08909589052200317,
399,16,0,0.08507928252220154,
400,16,0,0.08402541279792786,
401,16,0,0.09509579837322235,
402,16,0,0.09007113426923752,
403,16,0,0.09090694785118103,
404,16,0,0.08756192028522491,
405,16,0,0.09192033857107162,
406,16,0,0.07952643930912018,
407,16,0,0.08980602025985718,
408,16,0,0.09784887731075287,
409,16,0,0.09060181677341461,
410,16,0,0.08681628108024597,
411,16,0,0.09501668810844421,
412,16,0,0.08120226860046387,
413,16,0,0.0935935378074646,
414,16,0,0.08707704395055771,
415,16,0,0.09763531386852264,
416,16,0,0.0870862826704979,
417,16,0,0.1128983125090599,
418,16,0,0.08973962068557739,
419,16,0,0.09272997081279755,
420,16,0,0.09393042325973511,
421,16,0,0.09300397336483002,
422,16,0,0.07469309866428375,
423,16,0,0.10569855570793152,
424,16,0,0.09104759991168976,
425,16,0,0.0768422931432724,
426,16,0,0.08643919229507446,
427,16,0,0.0894903764128685,
428,16,0,0.07727682590484619,
429,16,0,0.09731616824865341,
430,16,0,0.08773153275251389,
431,16,0,0.08257421851158142,
432,16,0,0.09157299995422363,
433,16,0,0.07411003112792969,
434,16,0,0.08373694121837616,
435,16,0,0.09832530468702316,
436,16,0,0.10027997195720673,
437,16,0,0.08846326917409897,
438,16,0,0.07377107441425323,
439,16,0,0.10379242897033691,
440,16,0,0.09615382552146912,
441,16,0,0.07943523675203323,
442,16,0,0.08366082608699799,
443,16,0,0.09683742374181747,
444,16,0,0.10130899399518967,
445,16,0,0.0721246749162674,
446,16,0,0.08567965030670166,
447,16,0,0.08709906041622162,
448,16,0,0.0983269214630127,
449,16,0,0.08036929368972778,
450,16,0,0.09385311603546143,
451,16,0,0.09123486280441284,
452,16,0,0.08161602169275284,
453,16,0,0.0967332124710083,
454,16,0,0.0971524640917778,
455,16,0,0.09217240661382675,
456,16,0,0.08780773729085922,
457,16,0,0.08197155594825745,
458,16,0,0.07749520987272263,
459,16,0,0.09539085626602173,
460,16,0,0.11430925130844116,
461,16,0,0.08054497838020325,
462,16,0,0.08039318770170212,
463,16,0,0.08951650559902191,
464,16,0,0.07664595544338226,
465,16,0,0.08933388441801071,
466,16,0,0.09094631671905518,
467,16,0,0.07451614737510681,
468,16,0,0.0849020928144455,
469,16,0,0.09433009475469589,
470,16,0,0.08942179381847382,
471,16,0,0.08351882547140121,
472,16,0,0.08756738901138306,
473,16,0,0.07910269498825073,
474,16,0,0.08524198830127716,
475,16,0,0.08128996938467026,
476,16,0,0.08483099937438965,
477,16,0,0.0800870805978775,
478,16,0,0.07703670859336853,
479,16,0,0.11138361692428589,
480,16,0,0.09910129010677338,
481,16,0,0.09121128916740417,
482,16,0,0.10032968968153,
483,16,0,0.0737524926662445,
484,16,0,0.08047625422477722,
485,16,0,0.08858349174261093,
486,16,0,0.1003069132566452,
487,16,0,0.08227956295013428,
488,16,0,0.0830855518579483,
489,16,0,0.10497282445430756,
490,16,0,0.06933558732271194,
491,16,0,0.07075297087430954,
492,16,0,0.09057335555553436,
493,16,0,0.0995047390460968,
494,16,0,0.08906488865613937,
495,16,0,0.08952674269676208,
496,16,0,0.085349902510643,
497,16,0,0.08545511960983276,
498,16,0,0.07520855963230133,
499,16,0,0.07253362983465195,
500,16,0,0.08174195885658264,
501,16,0,0.08620911836624146,
502,16,0,0.07591167092323303,
503,16,0,0.06549076735973358,
504,16,0,0.07825043052434921,
505,16,0,0.09511613100767136,
506,16,0,0.09254386276006699,
507,16,0,0.08676567673683167,
508,16,0,0.0761769562959671,
509,16,0,0.08644669502973557,
510,16,0,0.07989707589149475,
511,16,0,0.07477342337369919,
512,16,0,0.09311123937368393,
513,16,0,0.08520650863647461,
514,16,0,0.0883217453956604,
515,16,0,0.08608166873455048,
516,16,0,0.08266174048185349,
517,16,0,0.07903444766998291,
518,16,0,0.09570659697055817,
519,16,0,0.0869813859462738,
520,16,0,0.07910090684890747,
521,16,0,0.07618114352226257,
522,16,0,0.08877688646316528,
523,16,0,0.07799776643514633,
524,16,0,0.08005709946155548,
525,16,0,0.08672909438610077,
526,16,0,0.08342235535383224,
527,16,0,0.08334281295537949,
528,16,0,0.09073161333799362,
529,16,0,0.09210777282714844,
530,16,0,0.10072946548461914,
531,16,0,0.08133469521999359,
532,16,0,0.08614125847816467,
533,16,0,0.07784213125705719,
534,16,0,0.07950131595134735,
535,16,0,0.08572064340114594,
536,16,0,0.08192946016788483,
537,16,0,0.07883758842945099,
538,16,0,0.08033501356840134,
539,16,0,0.07751227915287018,
540,16,0,0.08687933534383774,
541,16,0,0.09099414944648743,
542,16,0,0.09833282232284546,
543,16,0,0.07683950662612915,
544,16,0,0.0844852551817894,
545,16,0,0.08813416212797165,
546,16,0,0.08740741014480591,
547,16,0,0.09733089059591293,
548,16,0,0.07576872408390045,
549,16,0,0.07113741338253021,
550,16,0,0.07310058176517487,
551,16,0,0.08257536590099335,
552,16,0,0.07967334985733032,
553,16,0,0.08803226798772812,
554,16,0,0.08041080087423325,
555,16,0,0.08139738440513611,
556,16,0,0.07879786193370819,
557,16,0,0.08846386522054672,
558,16,0,0.08367834985256195,
559,16,0,0.07044641673564911,
560,16,0,0.08203093707561493,
561,16,0,0.08775126934051514,
562,16,0,0.07972123473882675,
563,16,0,0.0888824462890625,
564,16,0,0.07690036296844482,
565,16,0,0.09679339826107025,
566,16,0,0.07609149068593979,
567,16,0,0.09927430748939514,
568,16,0,0.09097647666931152,
569,16,0,0.0828583613038063,
570,16,0,0.08563967794179916,
571,16,0,0.0787297710776329,
572,16,0,0.08360174298286438,
573,16,0,0.07238774001598358,
574,16,0,0.05684278532862663,
575,16,0,0.09465444087982178,
576,16,0,0.07033431529998779,
577,16,0,0.09059765189886093,
578,16,0,0.07932744920253754,
579,16,0,0.08981466293334961,
580,16,0,0.09615921974182129,
581,16,0,0.0852842926979065,
582,16,0,0.07911030948162079,
583,16,0,0.07293110340833664,
584,16,0,0.08402833342552185,
585,16,0,0.08250004053115845,
586,16,0,0.08957281708717346,
587,16,0,0.09200961887836456,
588,16,0,0.06788897514343262,
589,16,0,0.0800589919090271,
590,16,0,0.09122907370328903,
591,16,0,0.0882161408662796,
592,16,0,0.09385683387517929,
593,16,0,0.07807375490665436,
594,16,0,0.07461531460285187,
595,16,0,0.0881379246711731,
596,16,0,0.06993912905454636,
597,16,0,0.07501784712076187,
598,16,0,0.09707357734441757,
599,16,0,0.08365526050329208,
600,16,0,0.08333010971546173,
601,16,0,0.0838366374373436,
602,16,0,0.07328193634748459,
603,16,0,0.07611915469169617,
604,16,0,0.08747955411672592,
605,16,0,0.07676053047180176,
606,16,0,0.07561783492565155,
607,16,0,0.08628927171230316,
608,16,0,0.07986705005168915,
609,16,0,0.06762604415416718,
610,16,0,0.07775437831878662,
611,16,0,0.0725116953253746,
612,16,0,0.0747491791844368,
613,16,0,0.08088695257902145,
614,16,0,0.08976642787456512,
615,16,0,0.07040062546730042,
616,16,0,0.08086107671260834,
617,16,0,0.07635156810283661,
618,16,0,0.08347603678703308,
619,16,0,0.0763038843870163,
620,16,0,0.0747072845697403,
621,16,0,0.08432601392269135,
622,16,0,0.07974415272474289,
623,16,0,0.08494387567043304,
624,16,0,0.08189570158720016,
625,16,0,0.08018750697374344,
626,16,0,0.07460236549377441,
627,16,0,0.06293081492185593,
628,16,0,0.08196445554494858,
629,16,0,0.0751158744096756,
630,16,0,0.07303616404533386,
631,16,0,0.06150998920202255,
632,16,0,0.0699392557144165,
633,16,0,0.08401517570018768,
634,16,0,0.08475013077259064,
635,16,0,0.08120265603065491,
636,16,0,0.0682525783777237,
637,16,0,0.06519459187984467,
638,16,0,0.0863897055387497,
639,16,0,0.07988278567790985,
640,16,0,0.07918305695056915,
641,16,0,0.08175715804100037,
642,16,0,0.07018259167671204,
643,16,0,0.0827871710062027,
644,16,0,0.07924514263868332,
645,16,0,0.07841958105564117,
646,16,0,0.06196372210979462,
647,16,0,0.07155952602624893,
648,16,0,0.07770193368196487,
649,16,0,0.07259763777256012,
650,16,0,0.07471942901611328,
651,16,0,0.07988904416561127,
652,16,0,0.08203312754631042,
653,16,0,0.08304918557405472,
654,16,0,0.08138827979564667,
655,16,0,0.08268360793590546,
656,16,0,0.06903942674398422,
657,16,0,0.08237557858228683,
658,16,0,0.07198574393987656,
659,16,0,0.07187530398368835,
660,16,0,0.06432998925447464,
661,16,0,0.07983516156673431,
662,16,0,0.06796339154243469,
663,16,0,0.07087408006191254,
664,16,0,0.08878529071807861,
665,16,0,0.07959447801113129,
666,16,0,0.07340222597122192,
667,16,0,0.07811781764030457,
668,16,0,0.0699586570262909,
669,16,0,0.08882494270801544,
670,16,0,0.08102050423622131,
671,16,0,0.07661236822605133,
672,16,0,0.08106213063001633,
673,16,0,0.08383630961179733,
674,16,0,0.08063767850399017,
675,16,0,0.08104735612869263,
676,16,0,0.07585856318473816,
677,16,0,0.08274774253368378,
678,16,0,0.07893957942724228,
679,16,0,0.07104851305484772,
680,16,0,0.06132733076810837,
681,16,0,0.06935474276542664,
682,16,0,0.07501263171434402,
683,16,0,0.08286716043949127,
684,16,0,0.08290011435747147,
685,16,0,0.08658693730831146,
686,16,0,0.07755818963050842,
687,16,0,0.0822126716375351,
688,16,0,0.07728192210197449,
689,16,0,0.0735168606042862,
690,16,0,0.0807819589972496,
691,16,0,0.08298023045063019,
692,16,0,0.08908869326114655,
693,16,0,0.08942082524299622,
694,16,0,0.07451184093952179,
695,16,0,0.07848739624023438,
696,16,0,0.06422426551580429,
697,16,0,0.06992768496274948,
698,16,0,0.08602907508611679,
699,16,0,0.0890563577413559,
700,16,0,0.06732551008462906,
701,16,0,0.08269280195236206,
702,16,0,0.08876071870326996,
703,16,0,0.07737462967634201,
704,16,0,0.07958369702100754,
705,16,0,0.07922229915857315,
706,16,0,0.07738977670669556,
707,16,0,0.07452627271413803,
708,16,0,0.0729542225599289,
709,16,0,0.08437418192625046,
710,16,0,0.06425411999225616,
711,16,0,0.07319473475217819,
712,16,0,0.06791703402996063,
713,16,0,0.08121638000011444,
714,16,0,0.07023649662733078,
715,16,0,0.08213513344526291,
716,16,0,0.09110169112682343,
717,16,0,0.08153604716062546,
718,16,0,0.07191772013902664,
719,16,0,0.08073774725198746,
720,16,0,0.08696295320987701,
721,16,0,0.0825648233294487,
722,16,0,0.07999923080205917,
723,16,0,0.06930484622716904,
724,16,0,0.08468055725097656,
725,16,0,0.07458290457725525,
726,16,0,0.07099471986293793,
727,16,0,0.08428071439266205,
728,16,0,0.09050705283880234,
729,16,0,0.08236651122570038,
730,16,0,0.07701066881418228,
731,16,0,0.08100491762161255,
732,16,0,0.07547302544116974,
733,16,0,0.07048512995243073,
734,16,0,0.08270972967147827,
735,16,0,0.08608176559209824,
736,16,0,0.08054374158382416,
737,16,0,0.07519646733999252,
738,16,0,0.07591423392295837,
739,16,0,0.08979510515928268,
740,16,0,0.07341104000806808,
741,16,0,0.06603382527828217,
742,16,0,0.07005251944065094,
743,16,0,0.0955548882484436,
744,16,0,0.0707394927740097,
745,16,0,0.07721628248691559,
746,16,0,0.07343044131994247,
747,16,0,0.06796418130397797,
748,16,0,0.08045677840709686,
749,16,0,0.07534581422805786,
750,16,0,0.08403174579143524,
751,16,0,0.0850367546081543,
752,16,0,0.07748426496982574,
753,16,0,0.08208976686000824,
754,16,0,0.06942395865917206,
755,16,0,0.060838669538497925,
756,16,0,0.06695237755775452,
757,16,0,0.0723632201552391,
758,16,0,0.05823710560798645,
759,16,0,0.07775740325450897,
760,16,0,0.06915314495563507,
761,16,0,0.08426789939403534,
762,16,0,0.0826738253235817,
763,16,0,0.08060650527477264,
764,16,0,0.07683472335338593,
765,16,0,0.06701290607452393,
766,16,0,0.06174081191420555,
767,16,0,0.08259867131710052,
768,16,0,0.08975952863693237,
769,16,0,0.06708032637834549,
770,16,0,0.07898379862308502,
771,16,0,0.08476545661687851,
772,16,0,0.08312924951314926,
773,16,0,0.07354465872049332,
774,16,0,0.0733090415596962,
775,16,0,0.06917759031057358,
776,16,0,0.07609640806913376,
777,16,0,0.07633177936077118,
778,16,0,0.08792131394147873,
779,16,0,0.06764481961727142,
780,16,0,0.08739148825407028,
781,16,0,0.07477516680955887,
782,16,0,0.06897255778312683,
783,16,0,0.07884815335273743,
784,16,0,0.07727865874767303,
785,16,0,0.0848817378282547,
786,16,0,0.06728053092956543,
787,16,0,0.06072116643190384,
788,16,0,0.07814322412014008,
789,16,0,0.07342992722988129,
790,16,0,0.08482491970062256,
791,16,0,0.08027830719947815,
792,16,0,0.07539743930101395,
793,16,0,0.08659281581640244,
794,16,0,0.07221440225839615,
795,16,0,0.07711603492498398,
796,16,0,0.08328889310359955,
797,16,0,0.07258080691099167,
798,16,0,0.06429603695869446,
799,16,0,0.06852401047945023,
800,16,0,0.07759112119674683,
801,16,0,0.0707143172621727,
802,16,0,0.07319334149360657,
803,16,0,0.08822187781333923,
804,16,0,0.0638875812292099,
805,16,0,0.08257661014795303,
806,16,0,0.06913929432630539,
807,16,0,0.08033326268196106,
808,16,0,0.07423965632915497,
809,16,0,0.06721137464046478,
810,16,0,0.06622864305973053,
811,16,0,0.07508915662765503,
812,16,0,0.07666496932506561,
813,16,0,0.07170668989419937,
814,16,0,0.06410738825798035,
815,16,0,0.07334385812282562,
816,16,0,0.07776094973087311,
817,16,0,0.06352025270462036,
818,16,0,0.07782553136348724,
819,16,0,0.07452656328678131,
820,16,0,0.06840281188488007,
821,16,0,0.08279140293598175,
822,16,0,0.07810146361589432,
823,16,0,0.07884103059768677,
824,16,0,0.07653634250164032,
825,16,0,0.08607166260480881,
826,16,0,0.07804432511329651,
827,16,0,0.06695495545864105,
828,16,0,0.07749767601490021,
829,16,0,0.07416753470897675,
830,16,0,0.07959901541471481,
831,16,0,0.0732448622584343,
832,16,0,0.0868789553642273,
833,16,0,0.09483902901411057,
834,16,0,0.08510814607143402,
835,16,0,0.0859895646572113,
836,16,0,0.07506724447011948,
837,16,0,0.07632456719875336,
838,16,0,0.07770664989948273,
839,16,0,0.06580264866352081,
840,16,0,0.09766706824302673,
841,16,0,0.08235311508178711,
842,16,0,0.08163322508335114,
843,16,0,0.07972465455532074,
844,16,0,0.07948780059814453,
845,16,0,0.0726117193698883,
846,16,0,0.07395033538341522,
847,16,0,0.06903216987848282,
848,16,0,0.07269248366355896,
849,16,0,0.07007172703742981,
850,16,0,0.07559490948915482,
851,16,0,0.0750751942396164,
852,16,0,0.07752476632595062,
853,16,0,0.0839168056845665,
854,16,0,0.07140122354030609,
855,16,0,0.0673459991812706,
856,16,0,0.07778395712375641,
857,16,0,0.08359476923942566,
858,16,0,0.07601684331893921,
859,16,0,0.06333404034376144,
860,16,0,0.07411906123161316,
861,16,0,0.07029107213020325,
862,16,0,0.06566932797431946,
863,16,0,0.0718645453453064,
864,16,0,0.07803645730018616,
865,16,0,0.07740527391433716,
866,16,0,0.06092201918363571,
867,16,0,0.07208389788866043,
868,16,0,0.08015085756778717,
869,16,0,0.06883709132671356,
870,16,0,0.07074294984340668,
871,16,0,0.06244608759880066,
872,16,0,0.059349656105041504,
873,16,0,0.07416771352291107,
874,16,0,0.07912577688694,
875,16,0,0.07240033894777298,
876,16,0,0.07975604385137558,
877,16,0,0.06540776789188385,
878,16,0,0.08604862540960312,
879,16,0,0.08090157806873322,
880,16,0,0.0786922425031662,
881,16,0,0.0690283253788948,
882,16,0,0.08470340073108673,
883,16,0,0.07662823051214218,
884,16,0,0.06774233281612396,
885,16,0,0.07380074262619019,
886,16,0,0.0670970007777214,
887,16,0,0.07686300575733185,
888,16,0,0.07015379518270493,
889,16,0,0.07704446464776993,
890,16,0,0.07467246055603027,
891,16,0,0.07478553056716919,
892,16,0,0.06675208359956741,
893,16,0,0.07697848975658417,
894,16,0,0.06501713395118713,
895,16,0,0.07678325474262238,
896,16,0,0.06876429170370102,
897,16,0,0.06434636563062668,
898,16,0,0.0713476836681366,
899,16,0,0.08021533489227295,
900,16,0,0.0640580952167511,
901,16,0,0.0734652727842331,
902,16,0,0.07884044945240021,
903,16,0,0.07090960443019867,
904,16,0,0.07478266954421997,
905,16,0,0.06353893876075745,
906,16,0,0.0620872899889946,
907,16,0,0.0727316290140152,
908,16,0,0.07278454303741455,
909,16,0,0.07371389120817184,
910,16,0,0.08400928229093552,
911,16,0,0.0685068815946579,
912,16,0,0.07809977978467941,
913,16,0,0.07015614211559296,
914,16,0,0.06694712489843369,
915,16,0,0.06119801849126816,
916,16,0,0.08448108285665512,
917,16,0,0.07051707804203033,
918,16,0,0.06916580349206924,
919,16,0,0.08592109382152557,
920,16,0,0.0842178612947464,
921,16,0,0.06707845628261566,
922,16,0,0.07945272326469421,
923,16,0,0.064534991979599,
924,16,0,0.08458898961544037,
925,16,0,0.07849626988172531,
926,16,0,0.07074713706970215,
927,16,0,0.06347491592168808,
928,16,0,0.06737134605646133,
929,16,0,0.07235145568847656,
930,16,0,0.07385359704494476,
931,16,0,0.06767052412033081,
932,16,0,0.07527979463338852,
933,16,0,0.0667518600821495,
934,16,0,0.06894037872552872,
935,16,0,0.08292771130800247,
936,16,0,0.08392467349767685,
937,16,0,0.07463325560092926,
938,16,0,0.07635797560214996,
939,16,0,0.07337426394224167,
940,16,0,0.06730332970619202,
941,16,0,0.055706292390823364,
942,16,0,0.0869329571723938,
943,16,0,0.0639491006731987,
944,16,0,0.059938423335552216,
945,16,0,0.07720781862735748,
946,16,0,0.06596653163433075,
947,16,0,0.07650279998779297,
948,16,0,0.06689188629388809,
949,16,0,0.0777365118265152,
950,16,0,0.08097776770591736,
951,16,0,0.06326057016849518,
952,16,0,0.06860393285751343,
953,16,0,0.07128184288740158,
954,16,0,0.0714075118303299,
955,16,0,0.0702771544456482,
956,16,0,0.07424416393041611,
957,16,0,0.06636444479227066,
958,16,0,0.0773017406463623,
959,16,0,0.07306106388568878,
960,16,0,0.07777655124664307,
961,16,0,0.07538804411888123,
962,16,0,0.07406795024871826,
963,16,0,0.07109066098928452,
964,16,0,0.07453754544258118,
965,16,0,0.0762341320514679,
966,16,0,0.07254131138324738,
967,16,0,0.07554052770137787,
968,16,0,0.07494363188743591,
969,16,0,0.061358317732810974,
970,16,0,0.07490765303373337,
971,16,0,0.058286964893341064,
972,16,0,0.06823837012052536,
973,16,0,0.07577040791511536,
974,16,0,0.0830625519156456,
975,16,0,0.0669746920466423,
976,16,0,0.08720321953296661,
977,16,0,0.06872287392616272,
978,16,0,0.07634975016117096,
979,16,0,0.0874011367559433,
980,16,0,0.08440074324607849,
981,16,0,0.07468538731336594,
982,16,0,0.07276511937379837,
983,16,0,0.08229134976863861,
984,16,0,0.07288108766078949,
985,16,0,0.07049218565225601,
986,16,0,0.0681203156709671,
987,16,0,0.07371687889099121,
988,16,0,0.0827876627445221,
989,16,0,0.07496326416730881,
990,16,0,0.07647350430488586,
991,16,0,0.0682048499584198,
992,16,0,0.07161448895931244,
993,16,0,0.06325043737888336,
994,16,0,0.07522793859243393,
995,16,0,0.06343584507703781,
996,16,0,0.07615846395492554,
997,16,0,0.07129018753767014,
998,16,0,0.07259555160999298,
999,16,0,0.08092993497848511,
1000,16,0,0.05998644232749939,
1001,16,0,0.07006356865167618,
1002,16,0,0.07093607634305954,
1003,16,0,0.0780005007982254,
1004,16,0,0.07456959784030914,
1005,16,0,0.06941690295934677,
1006,16,0,0.07572180777788162,
1007,16,0,0.06409342586994171,
1008,16,0,0.07437965273857117,
1009,16,0,0.0806083083152771,
1010,16,0,0.07354865968227386,
1011,16,0,0.06359966844320297,
1012,16,0,0.07574740052223206,
1013,16,0,0.06460146605968475,
1014,16,0,0.08072921633720398,
1015,16,0,0.06789436936378479,
1016,16,0,0.05859115719795227,
1017,16,0,0.08824722468852997,
1018,16,0,0.07303138077259064,
1019,16,0,0.07067322731018066,
1020,16,0,0.07709832489490509,
1021,16,0,0.07760240137577057,
1022,16,0,0.069764643907547,
1023,16,0,0.07289890944957733,
1024,16,0,0.08106771856546402,
1025,16,0,0.0754372626543045,
1026,16,0,0.07538776099681854,
1027,16,0,0.0746367871761322,
1028,16,0,0.0741042047739029,
1029,16,0,0.06741812825202942,
1030,16,0,0.09019013494253159,
1031,16,0,0.07639092206954956,
1032,16,0,0.0777326375246048,
1033,16,0,0.07407669723033905,
1034,16,0,0.07614139467477798,
1035,16,0,0.07441915571689606,
1036,16,0,0.07573884725570679,
1037,16,0,0.09066267311573029,
1038,16,0,0.0736413300037384,
1039,16,0,0.07036405801773071,
1040,16,0,0.07393604516983032,
1041,16,0,0.07487326115369797,
1042,16,0,0.0836726576089859,
1043,16,0,0.0771186500787735,
1044,16,0,0.06728848814964294,
1045,16,0,0.0803641751408577,
1046,16,0,0.0595264732837677,
1047,16,0,0.07402050495147705,
1048,16,0,0.0698976218700409,
1049,16,0,0.06855016946792603,
1050,16,0,0.06619705259799957,
1051,16,0,0.07885823398828506,
1052,16,0,0.07735621184110641,
1053,16,0,0.07620739191770554,
1054,16,0,0.09151552617549896,
1055,16,0,0.07162749767303467,
1056,16,0,0.06964319944381714,
1057,16,0,0.06617926806211472,
1058,16,0,0.07898236811161041,
1059,16,0,0.0651349127292633,
1060,16,0,0.06473343074321747,
1061,16,0,0.08327633142471313,
1062,16,0,0.06944536417722702,
1063,16,0,0.08397563546895981,
1064,16,0,0.06373579055070877,
1065,16,0,0.07556889951229095,
1066,16,0,0.07527603954076767,
1067,16,0,0.07017955183982849,
1068,16,0,0.06919009983539581,
1069,16,0,0.0801578015089035,
1070,16,0,0.07476706057786942,
1071,16,0,0.07107667624950409,
1072,16,0,0.06882473826408386,
1073,16,0,0.06519928574562073,
1074,16,0,0.0709087997674942,
1075,16,0,0.0720323771238327,
1076,16,0,0.07323452830314636,
1077,16,0,0.06941395998001099,
1078,16,0,0.0909915417432785,
1079,16,0,0.06789098680019379,
1080,16,0,0.07880813628435135,
1081,16,0,0.07130761444568634,
1082,16,0,0.061134032905101776,
1083,16,0,0.07477783411741257,
1084,16,0,0.07440126687288284,
1085,16,0,0.08587871491909027,
1086,16,0,0.07129380106925964,
1087,16,0,0.06880450248718262,
1088,16,0,0.0672747865319252,
1089,16,0,0.07588816434144974,
1090,16,0,0.07863659411668777,
1091,16,0,0.07144765555858612,
1092,16,0,0.0810244232416153,
1093,16,0,0.07326124608516693,
1094,16,0,0.07325053960084915,
1095,16,0,0.059026382863521576,
1096,16,0,0.0678778812289238,
1097,16,0,0.08111878484487534,
1098,16,0,0.07291801273822784,
1099,16,0,0.06242124363780022,
1100,16,0,0.08133390545845032,
1101,16,0,0.07592152059078217,
1102,16,0,0.08117856085300446,
1103,16,0,0.07066962867975235,
1104,16,0,0.06474148482084274,
1105,16,0,0.08665289729833603,
1106,16,0,0.07778671383857727,
1107,16,0,0.06566494703292847,
1108,16,0,0.07459389418363571,
1109,16,0,0.08040878176689148,
1110,16,0,0.0770869106054306,
1111,16,0,0.0826694518327713,
1112,16,0,0.06674988567829132,
1113,16,0,0.07410706579685211,
1114,16,0,0.08064758032560349,
1115,16,0,0.07282848656177521,
1116,16,0,0.07322359085083008,
1117,16,0,0.07174167782068253,
1118,16,0,0.06223985552787781,
1119,16,0,0.07373501360416412,
1120,16,0,0.08191457390785217,
1121,16,0,0.06465684622526169,
1122,16,0,0.07711701095104218,
1123,16,0,0.08001194894313812,
1124,16,0,0.06883220374584198,
1125,16,0,0.07905791699886322,
1126,16,0,0.07806143164634705,
1127,16,0,0.07501591742038727,
1128,16,0,0.07305419445037842,
1129,16,0,0.08305469155311584,
1130,16,0,0.08008170872926712,
1131,16,0,0.057766176760196686,
1132,16,0,0.06385798752307892,
1133,16,0,0.06596018373966217,
1134,16,0,0.07205985486507416,
1135,16,0,0.06925439834594727,
1136,16,0,0.07196381688117981,
1137,16,0,0.07243186235427856,
1138,16,0,0.07742202281951904,
1139,16,0,0.07467211782932281,
1140,16,0,0.06752344220876694,
1141,16,0,0.055609509348869324,
1142,16,0,0.07595476508140564,
1143,16,0,0.07980761677026749,
1144,16,0,0.07063154876232147,
1145,16,0,0.0890253335237503,
1146,16,0,0.06788047403097153,
1147,16,0,0.06705302000045776,
1148,16,0,0.07852356135845184,
1149,16,0,0.06771376729011536,
1150,16,0,0.06573909521102905,
1151,16,0,0.0712989866733551,
1152,16,0,0.07033100724220276,
1153,16,0,0.06982848793268204,
1154,16,0,0.07542666792869568,
1155,16,0,0.08560901880264282,
1156,16,0,0.07302634418010712,
1157,16,0,0.0686391294002533,
1158,16,0,0.056511975824832916,
1159,16,0,0.06332352757453918,
1160,16,0,0.06743955612182617,
1161,16,0,0.06876908987760544,
1162,16,0,0.056802667677402496,
1163,16,0,0.07560434192419052,
1164,16,0,0.06757528334856033,
1165,16,0,0.07626477628946304,
1166,16,0,0.08513219654560089,
1167,16,0,0.07791163772344589,
1168,16,0,0.07630564272403717,
1169,16,0,0.07974130660295486,
1170,16,0,0.06997230648994446,
1171,16,0,0.06899385154247284,
1172,16,0,0.07253804057836533,
1173,16,0,0.08318539708852768,
1174,16,0,0.061715032905340195,
1175,16,0,0.06402526795864105,
1176,16,0,0.0737471878528595,
1177,16,0,0.06454527378082275,
1178,16,0,0.07693241536617279,
1179,16,0,0.06266745924949646,
1180,16,0,0.07949720323085785,
1181,16,0,0.06750209629535675,
1182,16,0,0.06375434249639511,
1183,16,0,0.06302551925182343,
1184,16,0,0.06659017503261566,
1185,16,0,0.06814555823802948,
1186,16,0,0.05562417954206467,
1187,16,0,0.06534221023321152,
1188,16,0,0.061491042375564575,
1189,16,0,0.07677977532148361,
1190,16,0,0.06312840431928635,
1191,16,0,0.07472346723079681,
1192,16,0,0.08416669815778732,
1193,16,0,0.06285708397626877,
1194,16,0,0.06455198675394058,
1195,16,0,0.08088964223861694,
1196,16,0,0.06995610147714615,
1197,16,0,0.059439487755298615,
1198,16,0,0.06749103218317032,
1199,16,0,0.06651312112808228,
1200,16,0,0.06560279428958893,
1201,16,0,0.08235835283994675,
1202,16,0,0.07094883918762207,
1203,16,0,0.08780831098556519,
1204,16,0,0.07284148037433624,
1205,16,0,0.07599414885044098,
1206,16,0,0.07254502177238464,
1207,16,0,0.07253095507621765,
1208,16,0,0.06109737604856491,
1209,16,0,0.0812830850481987,
1210,16,0,0.07990807294845581,
1211,16,0,0.07986776530742645,
1212,16,0,0.07820063084363937,
1213,16,0,0.07392214238643646,
1214,16,0,0.06244625896215439,
1215,16,0,0.06906258314847946,
1216,16,0,0.07510479539632797,
1217,16,0,0.06729897111654282,
1218,16,0,0.07656733691692352,
1219,16,0,0.07657508552074432,
1220,16,0,0.0725700706243515,
1221,16,0,0.06908833980560303,
1222,16,0,0.07914815843105316,
1223,16,0,0.06875822693109512,
1224,16,0,0.07985461503267288,
1225,16,0,0.07013930380344391,
1226,16,0,0.08420278877019882,
1227,16,0,0.07055145502090454,
1228,16,0,0.07763171941041946,
1229,16,0,0.07733923196792603,
1230,16,0,0.06840047240257263,
1231,16,0,0.07087905704975128,
1232,16,0,0.06105239316821098,
1233,16,0,0.06237591430544853,
1234,16,0,0.07236228883266449,
1235,16,0,0.07046280801296234,
1236,16,0,0.055727120488882065,
1237,16,0,0.0637214332818985,
1238,16,0,0.0655074268579483,
1239,16,0,0.06713345646858215,
1240,16,0,0.05864116549491882,
1241,16,0,0.06263450533151627,
1242,16,0,0.06373489648103714,
1243,16,0,0.07470661401748657,
1244,16,0,0.070028156042099,
1245,16,0,0.076321542263031,
1246,16,0,0.07039213180541992,
1247,16,0,0.06444473564624786,
1248,16,0,0.06826049089431763,
1249,16,0,0.07407611608505249,
1250,16,0,0.06418977677822113,
1251,16,0,0.0694461390376091,
1252,16,0,0.08219671249389648,
1253,16,0,0.07527386397123337,
1254,16,0,0.05839633196592331,
1255,16,0,0.0733356773853302,
1256,16,0,0.072875015437603,
1257,16,0,0.06855658441781998,
1258,16,0,0.07491178810596466,
1259,16,0,0.07628720998764038,
1260,16,0,0.07103924453258514,
1261,16,0,0.06223326921463013,
1262,16,0,0.06257350742816925,
1263,16,0,0.06724309176206589,
1264,16,0,0.07297102361917496,
1265,16,0,0.06999163329601288,
1266,16,0,0.0762493908405304,
1267,16,0,0.07206903398036957,
1268,16,0,0.05847063288092613,
1269,16,0,0.0684613287448883,
1270,16,0,0.06518352776765823,
1271,16,0,0.07665204256772995,
1272,16,0,0.06974641978740692,
1273,16,0,0.06787358224391937,
1274,16,0,0.07088584452867508,
1275,16,0,0.07041409611701965,
1276,16,0,0.06829226016998291,
1277,16,0,0.07397206127643585,
1278,16,0,0.06384937465190887,
1279,16,0,0.07276906818151474,
1280,16,0,0.06623633950948715,
1281,16,0,0.06286820769309998,
1282,16,0,0.07145831733942032,
1283,16,0,0.06649933755397797,
1284,16,0,0.07976368069648743,
1285,16,0,0.08068795502185822,
1286,16,0,0.07781656831502914,
1287,16,0,0.06439872086048126,
1288,16,0,0.06843410432338715,
1289,16,0,0.06085002422332764,
1290,16,0,0.06090288981795311,
1291,16,0,0.056332867592573166,
1292,16,0,0.07648783922195435,
1293,16,0,0.06726354360580444,
1294,16,0,0.0702817440032959,
1295,16,0,0.06839972734451294,
1296,16,0,0.07350943237543106,
1297,16,0,0.06992338597774506,
1298,16,0,0.07758814841508865,
1299,16,0,0.07601465284824371,
1300,16,0,0.07703536748886108,
1301,16,0,0.06956157833337784,
1302,16,0,0.06669531762599945,
1303,16,0,0.07506956160068512,
1304,16,0,0.06240362673997879,
1305,16,0,0.0655658096075058,
1306,16,0,0.07498824596405029,
1307,16,0,0.06362284719944,
1308,16,0,0.07323873788118362,
1309,16,0,0.08188972622156143,
1310,16,0,0.07210918515920639,
1311,16,0,0.07641744613647461,
1312,16,0,0.06020715832710266,
1313,16,0,0.06492996215820312,
1314,16,0,0.06639252603054047,
1315,16,0,0.07241180539131165,
1316,16,0,0.08918117731809616,
1317,16,0,0.06093498319387436,
1318,16,0,0.074250228703022,
1319,16,0,0.07128886878490448,
1320,16,0,0.058105405420064926,
1321,16,0,0.07038304209709167,
1322,16,0,0.07402098178863525,
1323,16,0,0.0676058679819107,
1324,16,0,0.07058161497116089,
1325,16,0,0.06908360123634338,
1326,16,0,0.07600754499435425,
1327,16,0,0.06599470973014832,
1328,16,0,0.0688483715057373,
1329,16,0,0.07544820010662079,
1330,16,0,0.0637262761592865,
1331,16,0,0.06736606359481812,
1332,16,0,0.06854035705327988,
1333,16,0,0.07148762047290802,
1334,16,0,0.07705517113208771,
1335,16,0,0.06423362344503403,
1336,16,0,0.0645141452550888,
1337,16,0,0.0761508196592331,
1338,16,0,0.05997411534190178,
1339,16,0,0.06674861907958984,
1340,16,0,0.06844925880432129,
1341,16,0,0.06782057136297226,
1342,16,0,0.06766338646411896,
1343,16,0,0.06640206277370453,
1344,16,0,0.0812307745218277,
1345,16,0,0.05571829527616501,
1346,16,0,0.06919968128204346,
1347,16,0,0.05955195426940918,
1348,16,0,0.06462308019399643,
1349,16,0,0.0654817745089531,
1350,16,0,0.07715889811515808,
1351,16,0,0.07388147711753845,
1352,16,0,0.058493100106716156,
1353,16,0,0.08597417920827866,
1354,16,0,0.061914339661598206,
1355,16,0,0.07747600972652435,
1356,16,0,0.07429087162017822,
1357,16,0,0.07123998552560806,
1358,16,0,0.08018031716346741,
1359,16,0,0.07590874284505844,
1360,16,0,0.08072470873594284,
1361,16,0,0.06605132669210434,
1362,16,0,0.06961692869663239,
1363,16,0,0.07954834401607513,
1364,16,0,0.07260443270206451,
1365,16,0,0.07676896452903748,
1366,16,0,0.06280168890953064,
1367,16,0,0.071675606071949,
1368,16,0,0.06443978101015091,
1369,16,0,0.06591908633708954,
1370,16,0,0.06691193580627441,
1371,16,0,0.07725975662469864,
1372,16,0,0.07077531516551971,
1373,16,0,0.06429540365934372,
1374,16,0,0.06251566112041473,
1375,16,0,0.05891614407300949,
1376,16,0,0.07128790766000748,
1377,16,0,0.06559495627880096,
1378,16,0,0.06044759601354599,
1379,16,0,0.07250548899173737,
1380,16,0,0.062283437699079514,
1381,16,0,0.06904175132513046,
1382,16,0,0.0650317370891571,
1383,16,0,0.07029156386852264,
1384,16,0,0.06763707846403122,
1385,16,0,0.07246938347816467,
1386,16,0,0.07151034474372864,
1387,16,0,0.06859803199768066,
1388,16,0,0.052903443574905396,
1389,16,0,0.06589990109205246,
1390,16,0,0.06961015611886978,
1391,16,0,0.07153961062431335,
1392,16,0,0.06606204062700272,
1393,16,0,0.06436937302350998,
1394,16,0,0.07030226290225983,
1395,16,0,0.07086390256881714,
1396,16,0,0.06513170897960663,
1397,16,0,0.06272734701633453,
1398,16,0,0.05450689420104027,
1399,16,0,0.06555201858282089,
1400,16,0,0.07569311559200287,
1401,16,0,0.07049386203289032,
1402,16,0,0.06009342521429062,
1403,16,0,0.08350154012441635,
1404,16,0,0.06494031846523285,
1405,16,0,0.06696181744337082,
1406,16,0,0.06852587312459946,
1407,16,0,0.07128775119781494,
1408,16,0,0.06626296788454056,
1409,16,0,0.06333835422992706,
1410,16,0,0.07336726039648056,
1411,16,0,0.06981773674488068,
1412,16,0,0.08473382890224457,
1413,16,0,0.07854205369949341,
1414,16,0,0.06634815037250519,
1415,16,0,0.07861616462469101,
1416,16,0,0.07209713011980057,
1417,16,0,0.06307979673147202,
1418,16,0,0.07150983810424805,
1419,16,0,0.06090134382247925,
1420,16,0,0.0716957300901413,
1421,16,0,0.05738702416419983,
1422,16,0,0.07084289193153381,
1423,16,0,0.0626785159111023,
1424,16,0,0.07241767644882202,
1425,16,0,0.07549379020929337,
1426,16,0,0.06777004897594452,
1427,16,0,0.06916812062263489,
1428,16,0,0.08648034185171127,
1429,16,0,0.07232480496168137,
1430,16,0,0.07751433551311493,
1431,16,0,0.08002661168575287,
1432,16,0,0.07453634589910507,
1433,16,0,0.09183946251869202,
1434,16,0,0.06806202977895737,
1435,16,0,0.0874270647764206,
1436,16,0,0.07120534777641296,
1437,16,0,0.07360795140266418,
1438,16,0,0.07416006922721863,
1439,16,0,0.06161214038729668,
1440,16,0,0.06695899367332458,
1441,16,0,0.07316140830516815,
1442,16,0,0.06422320008277893,
1443,16,0,0.06505857408046722,
1444,16,0,0.06394793838262558,
1445,16,0,0.0567803829908371,
1446,16,0,0.06966769695281982,
1447,16,0,0.08742672204971313,
1448,16,0,0.0638878270983696,
1449,16,0,0.07457853108644485,
1450,16,0,0.06215780973434448,
1451,16,0,0.08364129066467285,
1452,16,0,0.07431738078594208,
1453,16,0,0.06311604380607605,
1454,16,0,0.05910617113113403,
1455,16,0,0.06680621206760406,
1456,16,0,0.059661924839019775,
1457,16,0,0.07346414029598236,
1458,16,0,0.06706012785434723,
1459,16,0,0.06260974705219269,
1460,16,0,0.06335671246051788,
1461,16,0,0.06243104860186577,
1462,16,0,0.0849965438246727,
1463,16,0,0.0706719309091568,
1464,16,0,0.07610996812582016,
1465,16,0,0.07884916663169861,
1466,16,0,0.05548865720629692,
1467,16,0,0.05573788285255432,
1468,16,0,0.06333434581756592,
1469,16,0,0.06546127051115036,
1470,16,0,0.062198251485824585,
1471,16,0,0.06372879445552826,
1472,16,0,0.07072512805461884,
1473,16,0,0.072762131690979,
1474,16,0,0.07029911130666733,
1475,16,0,0.07145573198795319,
1476,16,0,0.0627705305814743,
1477,16,0,0.07333894073963165,
1478,16,0,0.053340040147304535,
1479,16,0,0.07208952307701111,
1480,16,0,0.06910989433526993,
1481,16,0,0.06708212196826935,
1482,16,0,0.07766459882259369,
1483,16,0,0.07835255563259125,
1484,16,0,0.07079873979091644,
1485,16,0,0.06372838467359543,
1486,16,0,0.06968039274215698,
1487,16,0,0.06669387221336365,
1488,16,0,0.08294111490249634,
1489,16,0,0.08358165621757507,
1490,16,0,0.061250995844602585,
1491,16,0,0.06679534167051315,
1492,16,0,0.07479192316532135,
1493,16,0,0.07607895135879517,
1494,16,0,0.06688135117292404,
1495,16,0,0.08503009378910065,
1496,16,0,0.06958144903182983,
1497,16,0,0.07260338217020035,
1498,16,0,0.052257344126701355,
1499,16,0,0.0706292986869812,
1500,16,0,0.06209566816687584,
1501,16,0,0.06534137576818466,
1502,16,0,0.06469111889600754,
1503,16,0,0.06455861777067184,
1504,16,0,0.07339178770780563,
1505,16,0,0.06732510030269623,
1506,16,0,0.07523337006568909,
1507,16,0,0.08097083866596222,
1508,16,0,0.07727611064910889,
1509,16,0,0.06154656410217285,
1510,16,0,0.05836650729179382,
1511,16,0,0.0688999816775322,
1512,16,0,0.08942157030105591,
1513,16,0,0.06886740028858185,
1514,16,0,0.068509042263031,
1515,16,0,0.0650847777724266,
1516,16,0,0.05846809595823288,
1517,16,0,0.07443144917488098,
1518,16,0,0.07505325227975845,
1519,16,0,0.06748595833778381,
1520,16,0,0.07076766341924667,
1521,16,0,0.07044975459575653,
1522,16,0,0.0826307088136673,
1523,16,0,0.07249827682971954,
1524,16,0,0.0670309066772461,
1525,16,0,0.07925448566675186,
1526,16,0,0.0644138753414154,
1527,16,0,0.08191542327404022,
1528,16,0,0.06288975477218628,
1529,16,0,0.06126045435667038,
1530,16,0,0.066718690097332,
1531,16,0,0.06338740140199661,
1532,16,0,0.07268904894590378,
1533,16,0,0.07617789506912231,
1534,16,0,0.07320421934127808,
1535,16,0,0.0812213271856308,
1536,16,0,0.08024659752845764,
1537,16,0,0.06229380890727043,
1538,16,0,0.07216919958591461,
1539,16,0,0.06981184333562851,
1540,16,0,0.0824279859662056,
1541,16,0,0.06330035626888275,
1542,16,0,0.07378053665161133,
1543,16,0,0.07064370810985565,
1544,16,0,0.08192986249923706,
1545,16,0,0.06015653535723686,
1546,16,0,0.05254201218485832,
1547,16,0,0.06697669625282288,
1548,16,0,0.07384650409221649,
1549,16,0,0.0687158852815628,
1550,16,0,0.08115819841623306,
1551,16,0,0.05661524459719658,
1552,16,0,0.0785498097538948,
1553,16,0,0.07825583219528198,
1554,16,0,0.06643802672624588,
1555,16,0,0.0780794620513916,
1556,16,0,0.0591939315199852,
1557,16,0,0.06932337582111359,
1558,16,0,0.05947452783584595,
1559,16,0,0.06669608503580093,
1560,16,0,0.059097908437252045,
1561,16,0,0.07296328246593475,
1562,16,0,0.059174053370952606,
1563,16,0,0.06499037146568298,
1564,16,0,0.07014711201190948,
1565,16,0,0.06908257305622101,
1566,16,0,0.06718434393405914,
1567,16,0,0.07347650825977325,
1568,16,0,0.0733814686536789,
1569,16,0,0.07372765243053436,
1570,16,0,0.06695152074098587,
1571,16,0,0.06018621847033501,
1572,16,0,0.05280634015798569,
1573,16,0,0.06982650607824326,
1574,16,0,0.06497377157211304,
1575,16,0,0.06335121393203735,
1576,16,0,0.08087389171123505,
1577,16,0,0.07149109244346619,
1578,16,0,0.0671553909778595,
1579,16,0,0.07008613646030426,
1580,16,0,0.07603387534618378,
1581,16,0,0.07651673257350922,
1582,16,0,0.07354670763015747,
1583,16,0,0.06476834416389465,
1584,16,0,0.06760802865028381,
1585,16,0,0.06960408389568329,
1586,16,0,0.0685926079750061,
1587,16,0,0.06852523237466812,
1588,16,0,0.058482926338911057,
1589,16,0,0.06871730089187622,
1590,16,0,0.06668928265571594,
1591,16,0,0.06660862267017365,
1592,16,0,0.06168271228671074,
1593,16,0,0.06901314854621887,
1594,16,0,0.06592667102813721,
1595,16,0,0.06403855979442596,
1596,16,0,0.06556398421525955,
1597,16,0,0.06458383798599243,
1598,16,0,0.05683952569961548,
1599,16,0,0.07396319508552551,
1600,16,0,0.06895475089550018,
1601,16,0,0.07976878434419632,
1602,16,0,0.06191549822688103,
1603,16,0,0.06908562779426575,
1604,16,0,0.06974247097969055,
1605,16,0,0.0639149397611618,
1606,16,0,0.06376932561397552,
1607,16,0,0.07115846127271652,
1608,16,0,0.06284332275390625,
1609,16,0,0.06068169325590134,
1610,16,0,0.07887938618659973,
1611,16,0,0.07577389478683472,
1612,16,0,0.06906691193580627,
1613,16,0,0.07410180568695068,
1614,16,0,0.07770498096942902,
1615,16,0,0.0720263123512268,
1616,16,0,0.08662103116512299,
1617,16,0,0.060742877423763275,
1618,16,0,0.07621264457702637,
1619,16,0,0.07025960087776184,
1620,16,0,0.06558436155319214,
1621,16,0,0.0726274847984314,
1622,16,0,0.07037367671728134,
1623,16,0,0.07365816831588745,
1624,16,0,0.07589578628540039,
1625,16,0,0.060354575514793396,
1626,16,0,0.07981579750776291,
1627,16,0,0.07850155234336853,
1628,16,0,0.06900134682655334,
1629,16,0,0.08157456666231155,
1630,16,0,0.06611888110637665,
1631,16,0,0.07023832201957703,
1632,16,0,0.07466070353984833,
1633,16,0,0.07130515575408936,
1634,16,0,0.07658515870571136,
1635,16,0,0.06461726129055023,
1636,16,0,0.0632723867893219,
1637,16,0,0.07973502576351166,
1638,16,0,0.06199253350496292,
1639,16,0,0.07055960595607758,
1640,16,0,0.07326874136924744,
1641,16,0,0.06589150428771973,
1642,16,0,0.07139578461647034,
1643,16,0,0.06666901707649231,
1644,16,0,0.058953993022441864,
1645,16,0,0.0581340491771698,
1646,16,0,0.06072888523340225,
1647,16,0,0.07172034680843353,
1648,16,0,0.06447076052427292,
1649,16,0,0.08786728233098984,
1650,16,0,0.06784582138061523,
1651,16,0,0.07479588687419891,
1652,16,0,0.06772737205028534,
1653,16,0,0.07089536637067795,
1654,16,0,0.07621973752975464,
1655,16,0,0.07441210746765137,
1656,16,0,0.07424779236316681,
1657,16,0,0.058724790811538696,
1658,16,0,0.07212057709693909,
1659,16,0,0.06844297051429749,
1660,16,0,0.07408429682254791,
1661,16,0,0.07555193454027176,
1662,16,0,0.0698031410574913,
1663,16,0,0.07265271246433258,
1664,16,0,0.06982746720314026,
1665,16,0,0.07414619624614716,
1666,16,0,0.0705161988735199,
1667,16,0,0.0580027773976326,
1668,16,0,0.07233748584985733,
1669,16,0,0.08465548604726791,
1670,16,0,0.09377851337194443,
1671,16,0,0.07112110406160355,
1672,16,0,0.060353077948093414,
1673,16,0,0.06815337389707565,
1674,16,0,0.07066099345684052,
1675,16,0,0.07879394292831421,
1676,16,0,0.06677423417568207,
1677,16,0,0.0731569156050682,
1678,16,0,0.06905472278594971,
1679,16,0,0.07779458910226822,
1680,16,0,0.05844813212752342,
1681,16,0,0.07540842890739441,
1682,16,0,0.06784005463123322,
1683,16,0,0.0619644895195961,
1684,16,0,0.06304771453142166,
1685,16,0,0.07800286263227463,
1686,16,0,0.06840493530035019,
1687,16,0,0.06872043013572693,
1688,16,0,0.06075568124651909,
1689,16,0,0.0809394121170044,
1690,16,0,0.05905468389391899,
1691,16,0,0.0667923092842102,
1692,16,0,0.07469889521598816,
1693,16,0,0.06817013770341873,
1694,16,0,0.06286419928073883,
1695,16,0,0.0791626125574112,
1696,16,0,0.07017622888088226,
1697,16,0,0.059980444610118866,
1698,16,0,0.07010402530431747,
1699,16,0,0.058226555585861206,
1700,16,0,0.06805025041103363,
1701,16,0,0.06419695913791656,
1702,16,0,0.0705171748995781,
1703,16,0,0.07585196197032928,
1704,16,0,0.06962276995182037,
1705,16,0,0.06013783812522888,
1706,16,0,0.06562217324972153,
1707,16,0,0.0739823579788208,
1708,16,0,0.05885694548487663,
1709,16,0,0.07107691466808319,
1710,16,0,0.06373940408229828,
1711,16,0,0.05056336522102356,
1712,16,0,0.06020970270037651,
1713,16,0,0.06186098977923393,
1714,16,0,0.07028327882289886,
1715,16,0,0.06954903900623322,
1716,16,0,0.06497643142938614,
1717,16,0,0.07132606208324432,
1718,16,0,0.05879746004939079,
1719,16,0,0.07266422361135483,
1720,16,0,0.06489638984203339,
1721,16,0,0.06698986887931824,
1722,16,0,0.06665633618831635,
1723,16,0,0.06955327093601227,
1724,16,0,0.0665879100561142,
1725,16,0,0.06398897618055344,
1726,16,0,0.06745955348014832,
1727,16,0,0.06780818104743958,
1728,16,0,0.0697377473115921,
1729,16,0,0.06569458544254303,
1730,16,0,0.06547427922487259,
1731,16,0,0.07787923514842987,
1732,16,0,0.06842540204524994,
1733,16,0,0.06508523225784302,
1734,16,0,0.07671885937452316,
1735,16,0,0.07303399592638016,
1736,16,0,0.0585641972720623,
1737,16,0,0.08030276745557785,
1738,16,0,0.06376567482948303,
1739,16,0,0.07529798150062561,
1740,16,0,0.06674380600452423,
1741,16,0,0.0741736963391304,
1742,16,0,0.06638619303703308,
1743,16,0,0.07082262635231018,
1744,16,0,0.07160189747810364,
1745,16,0,0.06465935707092285,
1746,16,0,0.06687663495540619,
1747,16,0,0.06894097477197647,
1748,16,0,0.058934286236763,
1749,16,0,0.058842938393354416,
1750,16,0,0.07287254929542542,
1751,16,0,0.0741562768816948,
1752,16,0,0.07304121553897858,
1753,16,0,0.07370328158140182,
1754,16,0,0.068918377161026,
1755,16,0,0.07161026448011398,
1756,16,0,0.07395070791244507,
1757,16,0,0.07763631641864777,
1758,16,0,0.0741325169801712,
1759,16,0,0.06950005888938904,
1760,16,0,0.07085703313350677,
1761,16,0,0.057132236659526825,
1762,16,0,0.06791798025369644,
1763,16,0,0.07052265107631683,
1764,16,0,0.08597308397293091,
1765,16,0,0.08226680755615234,
1766,16,0,0.07442989945411682,
1767,16,0,0.07949744164943695,
1768,16,0,0.0647444948554039,
1769,16,0,0.06760382652282715,
1770,16,0,0.06475947797298431,
1771,16,0,0.07266975939273834,
1772,16,0,0.06658981740474701,
1773,16,0,0.07278963923454285,
1774,16,0,0.0677880272269249,
1775,16,0,0.06858041882514954,
1776,16,0,0.07627309113740921,
1777,16,0,0.06907036155462265,
1778,16,0,0.07647813111543655,
1779,16,0,0.07686202228069305,
1780,16,0,0.07102283090353012,
1781,16,0,0.07859030365943909,
1782,16,0,0.07002753019332886,
1783,16,0,0.06650033593177795,
1784,16,0,0.07649427652359009,
1785,16,0,0.06676317751407623,
1786,16,0,0.07188719511032104,
1787,16,0,0.06823313981294632,
1788,16,0,0.06163961812853813,
1789,16,0,0.07688211649656296,
1790,16,0,0.07592004537582397,
1791,16,0,0.06510737538337708,
1792,16,0,0.07955510169267654,
1793,16,0,0.07639151811599731,
1794,16,0,0.06505930423736572,
1795,16,0,0.05733061954379082,
1796,16,0,0.07255689054727554,
1797,16,0,0.08163154125213623,
1798,16,0,0.07333462685346603,
1799,16,0,0.07736541330814362,
1800,16,0,0.06903575360774994,
1801,16,0,0.06282356381416321,
1802,16,0,0.07326793670654297,
1803,16,0,0.06278553605079651,
1804,16,0,0.07197676599025726,
1805,16,0,0.07200577110052109,
1806,16,0,0.07548553496599197,
1807,16,0,0.07883170992136002,
1808,16,0,0.07135967165231705,
1809,16,0,0.055122584104537964,
1810,16,0,0.0644845962524414,
1811,16,0,0.07558645308017731,
1812,16,0,0.06357750296592712,
1813,16,0,0.06295466423034668,
1814,16,0,0.06263144314289093,
1815,16,0,0.067249596118927,
1816,16,0,0.08955838531255722,
1817,16,0,0.07075490802526474,
1818,16,0,0.07863420993089676,
1819,16,0,0.06823311746120453,
1820,16,0,0.09260094165802002,
1821,16,0,0.07705171406269073,
1822,16,0,0.07350405305624008,
1823,16,0,0.07984794676303864,
1824,16,0,0.07275115698575974,
1825,16,0,0.06139805167913437,
1826,16,0,0.07312317937612534,
1827,16,0,0.061405666172504425,
1828,16,0,0.08489218354225159,
1829,16,0,0.06926484405994415,
1830,16,0,0.05246919393539429,
1831,16,0,0.07293345034122467,
1832,16,0,0.065706767141819,
1833,16,0,0.06365582346916199,
1834,16,0,0.07505237311124802,
1835,16,0,0.06789331138134003,
1836,16,0,0.0659095048904419,
1837,16,0,0.0685572624206543,
1838,16,0,0.06720306724309921,
1839,16,0,0.06334845721721649,
1840,16,0,0.05988752841949463,
1841,16,0,0.06287738680839539,
1842,16,0,0.06776078790426254,
1843,16,0,0.06503060460090637,
1844,16,0,0.07119086384773254,
1845,16,0,0.05934663116931915,
1846,16,0,0.062057655304670334,
1847,16,0,0.07035073637962341,
1848,16,0,0.06954064965248108,
1849,16,0,0.082145094871521,
1850,16,0,0.06201215833425522,
1851,16,0,0.06348954141139984,
1852,16,0,0.07730129361152649,
1853,16,0,0.06622090935707092,
1854,16,0,0.06788341701030731,
1855,16,0,0.0749063491821289,
1856,16,0,0.07155467569828033,
1857,16,0,0.06627126783132553,
1858,16,0,0.07836317270994186,
1859,16,0,0.0749417394399643,
1860,16,0,0.07773859053850174,
1861,16,0,0.06601078063249588,
1862,16,0,0.06752368062734604,
1863,16,0,0.06270595639944077,
1864,16,0,0.07624134421348572,
1865,16,0,0.0672057718038559,
1866,16,0,0.06352391093969345,
1867,16,0,0.06667007505893707,
1868,16,0,0.06963261216878891,
1869,16,0,0.08189447224140167,
1870,16,0,0.07815060019493103,
1871,16,0,0.05269758403301239,
1872,16,0,0.08086012303829193,
1873,16,0,0.0668594017624855,
1874,16,0,0.06967988610267639,
1875,16,0,0.07772044837474823,
1876,16,0,0.07106234133243561,
1877,16,0,0.08690639585256577,
1878,16,0,0.07964131236076355,
1879,16,0,0.07173415273427963,
1880,16,0,0.08324652910232544,
1881,16,0,0.067904531955719,
1882,16,0,0.07520263642072678,
1883,16,0,0.07015270739793777,
1884,16,0,0.05912870168685913,
1885,16,0,0.06279256194829941,
1886,16,0,0.06717932224273682,
1887,16,0,0.061650555580854416,
1888,16,0,0.0740211084485054,
1889,16,0,0.06284214556217194,
1890,16,0,0.059257738292217255,
1891,16,0,0.07657992094755173,
1892,16,0,0.0708501785993576,
1893,16,0,0.062481485307216644,
1894,16,0,0.06705636531114578,
1895,16,0,0.06135207414627075,
1896,16,0,0.0719015821814537,
1897,16,0,0.06931538134813309,
1898,16,0,0.07604767382144928,
1899,16,0,0.07195142656564713,
1900,16,0,0.07662461698055267,
1901,16,0,0.06934922933578491,
1902,16,0,0.07391652464866638,
1903,16,0,0.06934992969036102,
1904,16,0,0.06859223544597626,
1905,16,0,0.07138913869857788,
1906,16,0,0.06472805142402649,
1907,16,0,0.06099112331867218,
1908,16,0,0.06929005682468414,
1909,16,0,0.06781762093305588,
1910,16,0,0.07679364830255508,
1911,16,0,0.07049967348575592,
1912,16,0,0.05466989800333977,
1913,16,0,0.053861089050769806,
1914,16,0,0.07162832468748093,
1915,16,0,0.06770291924476624,
1916,16,0,0.06569988280534744,
1917,16,0,0.06454452872276306,
1918,16,0,0.07281209528446198,
1919,16,0,0.07168286293745041,
1920,16,0,0.06879439949989319,
1921,16,0,0.06037888675928116,
1922,16,0,0.08671236038208008,
1923,16,0,0.07362876832485199,
1924,16,0,0.07851198315620422,
1925,16,0,0.07511533796787262,
1926,16,0,0.07393340766429901,
1927,16,0,0.06921219825744629,
1928,16,0,0.07179278135299683,
1929,16,0,0.06529875844717026,
1930,16,0,0.0678899735212326,
1931,16,0,0.0736660361289978,
1932,16,0,0.05750010535120964,
1933,16,0,0.07320287823677063,
1934,16,0,0.06315919011831284,
1935,16,0,0.07246987521648407,
1936,16,0,0.06364649534225464,
1937,16,0,0.06564612686634064,
1938,16,0,0.07193006575107574,
1939,16,0,0.06672829389572144,
1940,16,0,0.061132755130529404,
1941,16,0,0.062313929200172424,
1942,16,0,0.07692122459411621,
1943,16,0,0.07509680092334747,
1944,16,0,0.06736723333597183,
1945,16,0,0.06517910957336426,
1946,16,0,0.05918700248003006,
1947,16,0,0.06368328630924225,
1948,16,0,0.05723545700311661,
1949,16,0,0.07113120704889297,
1950,16,0,0.07341338694095612,
1951,16,0,0.0615585558116436,
1952,16,0,0.06876782327890396,
1953,16,0,0.0840086042881012,
1954,16,0,0.08399345725774765,
1955,16,0,0.07077034562826157,
1956,16,0,0.07190818339586258,
1957,16,0,0.06297832727432251,
1958,16,0,0.07661396265029907,
1959,16,0,0.05798960477113724,
1960,16,0,0.0685749500989914,
1961,16,0,0.06854742765426636,
1962,16,0,0.06716246902942657,
1963,16,0,0.06168275699019432,
1964,16,0,0.07309514284133911,
1965,16,0,0.06562896817922592,
1966,16,0,0.06000921130180359,
1967,16,0,0.05403440445661545,
1968,16,0,0.06607601046562195,
1969,16,0,0.07099133729934692,
1970,16,0,0.06875485181808472,
1971,16,0,0.07987162470817566,
1972,16,0,0.07899732887744904,
1973,16,0,0.0678032860159874,
1974,16,0,0.0564245879650116,
1975,16,0,0.07195411622524261,
1976,16,0,0.07663355767726898,
1977,16,0,0.05301433056592941,
1978,16,0,0.060724444687366486,
1979,16,0,0.06792953610420227,
1980,16,0,0.06571456044912338,
1981,16,0,0.07259523123502731,
1982,16,0,0.06771570444107056,
1983,16,0,0.06218988820910454,
1984,16,0,0.07141490280628204,
1985,16,0,0.06441595405340195,
1986,16,0,0.06842230260372162,
1987,16,0,0.06568285077810287,
1988,16,0,0.06610129773616791,
1989,16,0,0.07368968427181244,
1990,16,0,0.05926687270402908,
1991,16,0,0.0643545612692833,
1992,16,0,0.0663161426782608,
1993,16,0,0.07370132207870483,
1994,16,0,0.05976340174674988,
1995,16,0,0.06713299453258514,
1996,16,0,0.07885725796222687,
1997,16,0,0.059272658079862595,
1998,16,0,0.06061294674873352,
1999,16,0,0.06546124815940857,
2000,16,0,0.06744600832462311,
2001,16,0,0.08149569481611252,
2002,16,0,0.07054725289344788,
2003,16,0,0.07560545206069946,
2004,16,0,0.07168466597795486,
2005,16,0,0.057753872126340866,
2006,16,0,0.07637335360050201,
2007,16,0,0.07361234724521637,
2008,16,0,0.0685584619641304,
2009,16,0,0.06780856102705002,
2010,16,0,0.06853201985359192,
2011,16,0,0.07473625242710114,
2012,16,0,0.05812142789363861,
2013,16,0,0.07929201424121857,
2014,16,0,0.06636388599872589,
2015,16,0,0.058218907564878464,
2016,16,0,0.07143403589725494,
2017,16,0,0.07022787630558014,
2018,16,0,0.0640297532081604,
2019,16,0,0.08536897599697113,
2020,16,0,0.06069672107696533,
2021,16,0,0.07513926923274994,
2022,16,0,0.0768747478723526,
2023,16,0,0.055321257561445236,
2024,16,0,0.08186858147382736,
2025,16,0,0.06847324222326279,
2026,16,0,0.09230124950408936,
2027,16,0,0.06851863116025925,
2028,16,0,0.07309789955615997,
2029,16,0,0.06924043595790863,
2030,16,0,0.07388275861740112,
2031,16,0,0.07758753001689911,
2032,16,0,0.08294861018657684,
2033,16,0,0.059320807456970215,
2034,16,0,0.04976485297083855,
2035,16,0,0.06809383630752563,
2036,16,0,0.05249345302581787,
2037,16,0,0.07274295389652252,
2038,16,0,0.0656735748052597,
2039,16,0,0.07838533818721771,
2040,16,0,0.07878001034259796,
2041,16,0,0.06257303804159164,
2042,16,0,0.06715039908885956,
2043,16,0,0.08062227070331573,
2044,16,0,0.0746564045548439,
2045,16,0,0.061313360929489136,
2046,16,0,0.07840437442064285,
2047,16,0,0.0674578994512558,
2048,16,0,0.07332571595907211,
2049,16,0,0.08536535501480103,
2050,16,0,0.06908019632101059,
2051,16,0,0.08432178199291229,
2052,16,0,0.06682147085666656,
2053,16,0,0.06960266083478928,
2054,16,0,0.06399103999137878,
2055,16,0,0.05743161961436272,
2056,16,0,0.07714985311031342,
2057,16,0,0.07223843038082123,
2058,16,0,0.05916522070765495,
2059,16,0,0.0716070681810379,
2060,16,0,0.07666583359241486,
2061,16,0,0.06351585686206818,
2062,16,0,0.05922822281718254,
2063,16,0,0.07762744277715683,
2064,16,0,0.07033541798591614,
2065,16,0,0.0691603347659111,
2066,16,0,0.0743788406252861,
2067,16,0,0.05624048039317131,
2068,16,0,0.07123550772666931,
2069,16,0,0.0631808340549469,
2070,16,0,0.0782013013958931,
2071,16,0,0.06675424426794052,
2072,16,0,0.0541289746761322,
2073,16,0,0.06027906388044357,
2074,16,0,0.07465843111276627,
2075,16,0,0.06954076141119003,
2076,16,0,0.06107945367693901,
2077,16,0,0.0624689981341362,
2078,16,0,0.06772670894861221,
2079,16,0,0.06895872950553894,
2080,16,0,0.07128819078207016,
2081,16,0,0.06836085766553879,
2082,16,0,0.06233517453074455,
2083,16,0,0.07296061515808105,
2084,16,0,0.0694710910320282,
2085,16,0,0.061583638191223145,
2086,16,0,0.061131320893764496,
2087,16,0,0.07075054943561554,
2088,16,0,0.06752060353755951,
2089,16,0,0.06456853449344635,
2090,16,0,0.06832598149776459,
2091,16,0,0.06696385145187378,
2092,16,0,0.0842655822634697,
2093,16,0,0.06308387219905853,
2094,16,0,0.06222338229417801,
2095,16,0,0.07329294830560684,
2096,16,0,0.06640713661909103,
2097,16,0,0.059495195746421814,
2098,16,0,0.07226599752902985,
2099,16,0,0.06621112674474716,
2100,16,0,0.06860170513391495,
2101,16,0,0.06740760058164597,
2102,16,0,0.06431901454925537,
2103,16,0,0.06452779471874237,
2104,16,0,0.06204013526439667,
2105,16,0,0.06848852336406708,
2106,16,0,0.05989662557840347,
2107,16,0,0.060348089784383774,
2108,16,0,0.058393917977809906,
2109,16,0,0.06809256970882416,
2110,16,0,0.07052579522132874,
2111,16,0,0.07392359524965286,
2112,16,0,0.06611338257789612,
2113,16,0,0.07538945227861404,
2114,16,0,0.07399456202983856,
2115,16,0,0.05949706956744194,
2116,16,0,0.0806315541267395,
2117,16,0,0.07618740200996399,
2118,16,0,0.08426597714424133,
2119,16,0,0.05870131775736809,
2120,16,0,0.0764237493276596,
2121,16,0,0.06638307124376297,
2122,16,0,0.0640023797750473,
2123,16,0,0.07791467010974884,
2124,16,0,0.0683228150010109,
2125,16,0,0.06530195474624634,
2126,16,0,0.06793569028377533,
2127,16,0,0.06338118016719818,
2128,16,0,0.06720960140228271,
2129,16,0,0.07316724956035614,
2130,16,0,0.07740683108568192,
2131,16,0,0.07006286829710007,
2132,16,0,0.06035070866346359,
2133,16,0,0.0649929866194725,
2134,16,0,0.06588562577962875,
2135,16,0,0.06890647113323212,
2136,16,0,0.07676102966070175,
2137,16,0,0.06457659602165222,
2138,16,0,0.07155170291662216,
2139,16,0,0.06203794479370117,
2140,16,0,0.07238402962684631,
2141,16,0,0.07315534353256226,
2142,16,0,0.05365971848368645,
2143,16,0,0.07063370198011398,
2144,16,0,0.06294091045856476,
2145,16,0,0.053051065653562546,
2146,16,0,0.06032636761665344,
2147,16,0,0.06602005660533905,
2148,16,0,0.0620579831302166,
2149,16,0,0.0818309634923935,
2150,16,0,0.06455068290233612,
2151,16,0,0.06901952624320984,
2152,16,0,0.060210518538951874,
2153,16,0,0.061292149126529694,
2154,16,0,0.07104401290416718,
2155,16,0,0.07027073204517365,
2156,16,0,0.07536245882511139,
2157,16,0,0.07017366588115692,
2158,16,0,0.07873405516147614,
2159,16,0,0.06253807246685028,
2160,16,0,0.05764956399798393,
2161,16,0,0.09240347146987915,
2162,16,0,0.06757231801748276,
2163,16,0,0.066737599670887,
2164,16,0,0.06729184091091156,
2165,16,0,0.07437092065811157,
2166,16,0,0.07351723313331604,
2167,16,0,0.06283871829509735,
2168,16,0,0.06613239645957947,
2169,16,0,0.06187028810381889,
2170,16,0,0.07846362888813019,
2171,16,0,0.07197213172912598,
2172,16,0,0.07107044756412506,
2173,16,0,0.06584908068180084,
2174,16,0,0.05909061059355736,
2175,16,0,0.06819117069244385,
2176,16,0,0.07938994467258453,
2177,16,0,0.06998708844184875,
2178,16,0,0.06528797745704651,
2179,16,0,0.06605564057826996,
2180,16,0,0.0691477507352829,
2181,16,0,0.07915207743644714,
2182,16,0,0.07366737723350525,
2183,16,0,0.06456775963306427,
2184,16,0,0.05756198614835739,
2185,16,0,0.06374980509281158,
2186,16,0,0.0654301792383194,
2187,16,0,0.06417319178581238,
2188,16,0,0.0643284022808075,
2189,16,0,0.0766606479883194,
2190,16,0,0.06767044961452484,
2191,16,0,0.0654207170009613,
2192,16,0,0.06509515643119812,
2193,16,0,0.06813959032297134,
2194,16,0,0.08495067805051804,
2195,16,0,0.06966250389814377,
2196,16,0,0.0752784013748169,
2197,16,0,0.07446198165416718,
2198,16,0,0.06723250448703766,
2199,16,0,0.07565217465162277,
2200,16,0,0.07331453263759613,
2201,16,0,0.09313293546438217,
2202,16,0,0.0703735202550888,
2203,16,0,0.07694096118211746,
2204,16,0,0.06888653337955475,
2205,16,0,0.06608447432518005,
2206,16,0,0.07300969958305359,
2207,16,0,0.06948988884687424,
2208,16,0,0.08403681218624115,
2209,16,0,0.07511451095342636,
2210,16,0,0.06897599995136261,
2211,16,0,0.07612769305706024,
2212,16,0,0.060288459062576294,
2213,16,0,0.07747314870357513,
2214,16,0,0.07482963055372238,
2215,16,0,0.07211300730705261,
2216,16,0,0.07857625186443329,
2217,16,0,0.06555827707052231,
2218,16,0,0.07154478132724762,
2219,16,0,0.0726717859506607,
2220,16,0,0.06325425207614899,
2221,16,0,0.07519087195396423,
2222,16,0,0.07296565175056458,
2223,16,0,0.07780463248491287,
2224,16,0,0.06548665463924408,
2225,16,0,0.05983560532331467,
2226,16,0,0.06643076241016388,
2227,16,0,0.07639503479003906,
2228,16,0,0.06027580797672272,
2229,16,0,0.06740526854991913,
2230,16,0,0.056071143597364426,
2231,16,0,0.059604909271001816,
2232,16,0,0.06709371507167816,
2233,16,0,0.06983962655067444,
2234,16,0,0.06403006613254547,
2235,16,0,0.07244201004505157,
2236,16,0,0.06858889758586884,
2237,16,0,0.060521405190229416,
2238,16,0,0.07087426632642746,
2239,16,0,0.06361235678195953,
2240,16,0,0.061466723680496216,
2241,16,0,0.06561454385519028,
2242,16,0,0.06635862588882446,
2243,16,0,0.060176651924848557,
2244,16,0,0.07211707532405853,
2245,16,0,0.06751921027898788,
2246,16,0,0.05939684808254242,
2247,16,0,0.04938396066427231,
2248,16,0,0.07061552256345749,
2249,16,0,0.07189682126045227,
2250,16,0,0.06906555593013763,
2251,16,0,0.07850955426692963,
2252,16,0,0.06915663182735443,
2253,16,0,0.06855181604623795,
2254,16,0,0.06912414729595184,
2255,16,0,0.0567842535674572,
2256,16,0,0.0747184082865715,
2257,16,0,0.07243462651968002,
2258,16,0,0.06382182240486145,
2259,16,0,0.0649765133857727,
2260,16,0,0.07188498228788376,
2261,16,0,0.05869143456220627,
2262,16,0,0.07050622999668121,
2263,16,0,0.06388935446739197,
2264,16,0,0.08678897470235825,
2265,16,0,0.06391523778438568,
2266,16,0,0.06633217632770538,
2267,16,0,0.06546114385128021,
2268,16,0,0.07210399955511093,
2269,16,0,0.06656862050294876,
2270,16,0,0.05931229144334793,
2271,16,0,0.07028510421514511,
2272,16,0,0.07163937389850616,
2273,16,0,0.06432215869426727,
2274,16,0,0.074369415640831,
2275,16,0,0.07058687508106232,
2276,16,0,0.07074449956417084,
2277,16,0,0.07207733392715454,
2278,16,0,0.061061155050992966,
2279,16,0,0.052663691341876984,
2280,16,0,0.06880711764097214,
2281,16,0,0.08312597125768661,
2282,16,0,0.05815421789884567,
2283,16,0,0.06544218957424164,
2284,16,0,0.06328710913658142,
2285,16,0,0.07101836055517197,
2286,16,0,0.07359778136014938,
2287,16,0,0.06170186400413513,
2288,16,0,0.06058185547590256,
2289,16,0,0.05497534200549126,
2290,16,0,0.060104772448539734,
2291,16,0,0.06813359260559082,
2292,16,0,0.06538012623786926,
2293,16,0,0.06453898549079895,
2294,16,0,0.0686839297413826,
2295,16,0,0.06124940142035484,
2296,16,0,0.07880915701389313,
2297,16,0,0.07585115730762482,
2298,16,0,0.05927566811442375,
2299,16,0,0.08534751832485199,
2300,16,0,0.06632375717163086,
2301,16,0,0.062085479497909546,
2302,16,0,0.07494036853313446,
2303,16,0,0.05477573722600937,
2304,16,0,0.06205016002058983,
2305,16,0,0.06345294415950775,
2306,16,0,0.06169295310974121,
2307,16,0,0.06439514458179474,
2308,16,0,0.06645527482032776,
2309,16,0,0.07066557556390762,
2310,16,0,0.06501902639865875,
2311,16,0,0.06628762185573578,
2312,16,0,0.07536119222640991,
2313,16,0,0.06386476755142212,
2314,16,0,0.05944204330444336,
2315,16,0,0.06019335240125656,
2316,16,0,0.06229817494750023,
2317,16,0,0.0721336156129837,
2318,16,0,0.06321389973163605,
2319,16,0,0.07775554060935974,
2320,16,0,0.07342102378606796,
2321,16,0,0.05815120041370392,
2322,16,0,0.0701293796300888,
2323,16,0,0.07870202511548996,
2324,16,0,0.06482411921024323,
2325,16,0,0.0690220445394516,
2326,16,0,0.06846968829631805,
2327,16,0,0.06383274495601654,
2328,16,0,0.06126151606440544,
2329,16,0,0.07904276996850967,
2330,16,0,0.05966184660792351,
2331,16,0,0.06642147898674011,
2332,16,0,0.06068776547908783,
2333,16,0,0.06617702543735504,
2334,16,0,0.06693291664123535,
2335,16,0,0.08525955677032471,
2336,16,0,0.06657262146472931,
2337,16,0,0.07097990810871124,
2338,16,0,0.058974456042051315,
2339,16,0,0.06556008756160736,
2340,16,0,0.06453639268875122,
2341,16,0,0.07741627097129822,
2342,16,0,0.060889244079589844,
2343,16,0,0.06979939341545105,
2344,16,0,0.07498230040073395,
2345,16,0,0.07641146332025528,
2346,16,0,0.060107599943876266,
2347,16,0,0.0619986355304718,
2348,16,0,0.0805484801530838,
2349,16,0,0.06831006705760956,
2350,16,0,0.07233049720525742,
2351,16,0,0.06056272238492966,
2352,16,0,0.06561986356973648,
2353,16,0,0.06689953058958054,
2354,16,0,0.08313622325658798,
2355,16,0,0.08009706437587738,
2356,16,0,0.05672384425997734,
2357,16,0,0.06993856281042099,
2358,16,0,0.0681058019399643,
2359,16,0,0.07152804732322693,
2360,16,0,0.07560555636882782,
2361,16,0,0.06413339823484421,
2362,16,0,0.06990392506122589,
2363,16,0,0.07203516364097595,
2364,16,0,0.06967184692621231,
2365,16,0,0.07285347580909729,
2366,16,0,0.0643068328499794,
2367,16,0,0.07121630012989044,
2368,16,0,0.06798302382230759,
2369,16,0,0.06944934278726578,
2370,16,0,0.06782551109790802,
2371,16,0,0.06899861991405487,
2372,16,0,0.06357302516698837,
2373,16,0,0.0624726228415966,
2374,16,0,0.06358955055475235,
2375,16,0,0.06467385590076447,
2376,16,0,0.061219703406095505,
2377,16,0,0.06589922308921814,
2378,16,0,0.0774432122707367,
2379,16,0,0.05546816438436508,
2380,16,0,0.06701581180095673,
2381,16,0,0.06428304314613342,
2382,16,0,0.0648060292005539,
2383,16,0,0.08194544911384583,
2384,16,0,0.06788869202136993,
2385,16,0,0.0728490874171257,
2386,16,0,0.07106582820415497,
2387,16,0,0.07550817728042603,
2388,16,0,0.06029544398188591,
2389,16,0,0.06553225964307785,
2390,16,0,0.06809867173433304,
2391,16,0,0.07331995666027069,
2392,16,0,0.0800878256559372,
2393,16,0,0.0701526403427124,
2394,16,0,0.06468313187360764,
2395,16,0,0.0671231597661972,
2396,16,0,0.06049318611621857,
2397,16,0,0.06129428744316101,
2398,16,0,0.07845847308635712,
2399,16,0,0.06309077143669128,
2400,16,0,0.06226645037531853,
2401,16,0,0.08174449950456619,
2402,16,0,0.0645403116941452,
2403,16,0,0.07671632617712021,
2404,16,0,0.06866706907749176,
2405,16,0,0.0735689327120781,
2406,16,0,0.07195764780044556,
2407,16,0,0.0668652206659317,
2408,16,0,0.07036083936691284,
2409,16,0,0.07578970491886139,
2410,16,0,0.06450885534286499,
2411,16,0,0.07469426095485687,
2412,16,0,0.07178337126970291,
2413,16,0,0.06911006569862366,
2414,16,0,0.07584968209266663,
2415,16,0,0.06441420316696167,
2416,16,0,0.08268691599369049,
2417,16,0,0.06444769352674484,
2418,16,0,0.061446961015462875,
2419,16,0,0.06647074222564697,
2420,16,0,0.052443794906139374,
2421,16,0,0.0619824044406414,
2422,16,0,0.05376749858260155,
2423,16,0,0.06503047049045563,
2424,16,0,0.06702684611082077,
2425,16,0,0.0632181465625763,
2426,16,0,0.07764303684234619,
2427,16,0,0.06664999574422836,
2428,16,0,0.05924620479345322,
2429,16,0,0.05608364939689636,
2430,16,0,0.06462366133928299,
2431,16,0,0.06291595101356506,
2432,16,0,0.06747525930404663,
2433,16,0,0.05876602977514267,
2434,16,0,0.06453097611665726,
2435,16,0,0.062393274158239365,
2436,16,0,0.04676610231399536,
2437,16,0,0.07292583584785461,
2438,16,0,0.04736052080988884,
2439,16,0,0.08283936232328415,
2440,16,0,0.05536327883601189,
2441,16,0,0.07099834084510803,
2442,16,0,0.06305073201656342,
2443,16,0,0.06324666738510132,
2444,16,0,0.06187304109334946,
2445,16,0,0.06693459302186966,
2446,16,0,0.0699567124247551,
2447,16,0,0.06864579021930695,
2448,16,0,0.06458951532840729,
2449,16,0,0.0733904093503952,
2450,16,0,0.05926453322172165,
2451,16,0,0.07147960364818573,
2452,16,0,0.06769269704818726,
2453,16,0,0.06670857965946198,
2454,16,0,0.06556344777345657,
2455,16,0,0.062720887362957,
2456,16,0,0.06301143020391464,
2457,16,0,0.05892335996031761,
2458,16,0,0.07396525144577026,
2459,16,0,0.08259373158216476,
2460,16,0,0.08146721869707108,
2461,16,0,0.060070496052503586,
2462,16,0,0.08448968827724457,
2463,16,0,0.06917407363653183,
2464,16,0,0.0661255419254303,
2465,16,0,0.06668815016746521,
2466,16,0,0.059686169028282166,
2467,16,0,0.055645883083343506,
2468,16,0,0.0760679543018341,
2469,16,0,0.07979059964418411,
2470,16,0,0.06268231570720673,
2471,16,0,0.07463919371366501,
2472,16,0,0.06785672903060913,
2473,16,0,0.06478306651115417,
2474,16,0,0.05796528980135918,
2475,16,0,0.06343426555395126,
2476,16,0,0.06619365513324738,
2477,16,0,0.0675574466586113,
2478,16,0,0.07425381988286972,
2479,16,0,0.0567563995718956,
2480,16,0,0.0756797343492508,
2481,16,0,0.06516819447278976,
2482,16,0,0.07063164561986923,
2483,16,0,0.06756284087896347,
2484,16,0,0.07062993943691254,
2485,16,0,0.07872173190116882,
2486,16,0,0.07208991050720215,
2487,16,0,0.06271825730800629,
2488,16,0,0.07064426690340042,
2489,16,0,0.05658773332834244,
2490,16,0,0.05633256956934929,
2491,16,0,0.07197920978069305,
2492,16,0,0.07372671365737915,
2493,16,0,0.06696414947509766,
2494,16,0,0.0630781501531601,
2495,16,0,0.06917022168636322,
2496,16,0,0.06774920225143433,
2497,16,0,0.07425333559513092,
2498,16,0,0.06507569551467896,
2499,16,0,0.06545397639274597,
2500,16,0,0.072366863489151,
2501,16,0,0.06762689352035522,
2502,16,0,0.059131257236003876,
2503,16,0,0.06853191554546356,
2504,16,0,0.07610553503036499,
2505,16,0,0.06912179291248322,
2506,16,0,0.06553187221288681,
2507,16,0,0.06295215338468552,
2508,16,0,0.06407199800014496,
2509,16,0,0.0722646415233612,
2510,16,0,0.07011865824460983,
2511,16,0,0.07021894305944443,
2512,16,0,0.07315453886985779,
2513,16,0,0.06486843526363373,
2514,16,0,0.0681077390909195,
2515,16,0,0.07659483700990677,
2516,16,0,0.07316875457763672,
2517,16,0,0.057263441383838654,
2518,16,0,0.06769007444381714,
2519,16,0,0.0767948254942894,
2520,16,0,0.06435662508010864,
2521,16,0,0.077058345079422,
2522,16,0,0.07055722177028656,
2523,16,0,0.07986738532781601,
2524,16,0,0.06441798061132431,
2525,16,0,0.08251377940177917,
2526,16,0,0.06001715362071991,
2527,16,0,0.06495381891727448,
2528,16,0,0.06373317539691925,
2529,16,0,0.0647868663072586,
2530,16,0,0.061881765723228455,
2531,16,0,0.06656759977340698,
2532,16,0,0.048602133989334106,
2533,16,0,0.06187198683619499,
2534,16,0,0.07621180266141891,
2535,16,0,0.05888237804174423,
2536,16,0,0.07899191230535507,
2537,16,0,0.06943704187870026,
2538,16,0,0.06484474241733551,
2539,16,0,0.07071281969547272,
2540,16,0,0.06598784029483795,
2541,16,0,0.06845340132713318,
2542,16,0,0.05840077996253967,
2543,16,0,0.06988070160150528,
2544,16,0,0.070349782705307,
2545,16,0,0.07298561930656433,
2546,16,0,0.06424100697040558,
2547,16,0,0.0824204683303833,
2548,16,0,0.06760334223508835,
2549,16,0,0.06331248581409454,
2550,16,0,0.06634203344583511,
2551,16,0,0.06785242259502411,
2552,16,0,0.0653153508901596,
2553,16,0,0.0647662952542305,
2554,16,0,0.07064878195524216,
2555,16,0,0.07494805753231049,
2556,16,0,0.07310658693313599,
2557,16,0,0.06729527562856674,
2558,16,0,0.06515838205814362,
2559,16,0,0.07495193928480148,
2560,16,0,0.06404195725917816,
2561,16,0,0.0673878937959671,
2562,16,0,0.07052797079086304,
2563,16,0,0.06311160326004028,
2564,16,0,0.09028299897909164,
2565,16,0,0.07058321684598923,
2566,16,0,0.06833416223526001,
2567,16,0,0.06946267187595367,
2568,16,0,0.06723792850971222,
2569,16,0,0.0658506378531456,
2570,16,0,0.0658102035522461,
2571,16,0,0.07842952013015747,
2572,16,0,0.0701218768954277,
2573,16,0,0.06641197204589844,
2574,16,0,0.06407057493925095,
2575,16,0,0.05999935790896416,
2576,16,0,0.07156412303447723,
2577,16,0,0.06646295636892319,
2578,16,0,0.05489831417798996,
2579,16,0,0.0722992941737175,
2580,16,0,0.07556510716676712,
2581,16,0,0.06650575995445251,
2582,16,0,0.058823227882385254,
2583,16,0,0.069891557097435,
2584,16,0,0.06565059721469879,
2585,16,0,0.08709165453910828,
2586,16,0,0.07693102955818176,
2587,16,0,0.07772285491228104,
2588,16,0,0.0801180750131607,
2589,16,0,0.07311096042394638,
2590,16,0,0.08842279762029648,
2591,16,0,0.06837369501590729,
2592,16,0,0.07250066101551056,
2593,16,0,0.07166644930839539,
2594,16,0,0.08122273534536362,
2595,16,0,0.05848678573966026,
2596,16,0,0.07153378427028656,
2597,16,0,0.07917451113462448,
2598,16,0,0.06564366817474365,
2599,16,0,0.07072817534208298,
2600,16,0,0.0743752121925354,
2601,16,0,0.06771786510944366,
2602,16,0,0.06005792319774628,
2603,16,0,0.07758378237485886,
2604,16,0,0.06812229007482529,
2605,16,0,0.06028430908918381,
2606,16,0,0.06417709589004517,
2607,16,0,0.0661928802728653,
2608,16,0,0.06268075108528137,
2609,16,0,0.06195894628763199,
2610,16,0,0.06539176404476166,
2611,16,0,0.066632479429245,
2612,16,0,0.06405596435070038,
2613,16,0,0.07004743814468384,
2614,16,0,0.06600910425186157,
2615,16,0,0.07036963105201721,
2616,16,0,0.0722229853272438,
2617,16,0,0.061213694512844086,
2618,16,0,0.0600581169128418,
2619,16,0,0.07116928696632385,
2620,16,0,0.06888625025749207,
2621,16,0,0.061962395906448364,
2622,16,0,0.06118760257959366,
2623,16,0,0.05903790891170502,
2624,16,0,0.06582975387573242,
2625,16,0,0.0566084198653698,
2626,16,0,0.07047513872385025,
2627,16,0,0.06121116876602173,
2628,16,0,0.0662548765540123,
2629,16,0,0.0676727220416069,
2630,16,0,0.06160891801118851,
2631,16,0,0.06889604032039642,
2632,16,0,0.06051425635814667,
2633,16,0,0.07197964191436768,
2634,16,0,0.06403595209121704,
2635,16,0,0.06951019167900085,
2636,16,0,0.06575989723205566,
2637,16,0,0.07067741453647614,
2638,16,0,0.05982210487127304,
2639,16,0,0.07147137820720673,
2640,16,0,0.07732205837965012,
2641,16,0,0.06714683026075363,
2642,16,0,0.07472683489322662,
2643,16,0,0.07162867486476898,
2644,16,0,0.06155889481306076,
2645,16,0,0.08583583682775497,
2646,16,0,0.07797744125127792,
2647,16,0,0.08005983382463455,
2648,16,0,0.06732422113418579,
2649,16,0,0.06446725130081177,
2650,16,0,0.06122475117444992,
2651,16,0,0.0663115382194519,
2652,16,0,0.06635439395904541,
2653,16,0,0.07405704259872437,
2654,16,0,0.06617191433906555,
2655,16,0,0.06623542308807373,
2656,16,0,0.0755452960729599,
2657,16,0,0.06612677127122879,
2658,16,0,0.061130594462156296,
2659,16,0,0.061968766152858734,
2660,16,0,0.0625324621796608,
2661,16,0,0.05187215656042099,
2662,16,0,0.06846415996551514,
2663,16,0,0.06534644961357117,
2664,16,0,0.07213713228702545,
2665,16,0,0.06424583494663239,
2666,16,0,0.06294454634189606,
2667,16,0,0.0642816573381424,
2668,16,0,0.08158963918685913,
2669,16,0,0.07450325787067413,
2670,16,0,0.05952799320220947,
2671,16,0,0.06537461280822754,
2672,16,0,0.05850288271903992,
2673,16,0,0.0635099709033966,
2674,16,0,0.05872083455324173,
2675,16,0,0.06459134072065353,
2676,16,0,0.06853333115577698,
2677,16,0,0.059159692376852036,
2678,16,0,0.0663013905286789,
2679,16,0,0.07212947309017181,
2680,16,0,0.06939907371997833,
2681,16,0,0.06178457662463188,
2682,16,0,0.07716254889965057,
2683,16,0,0.061852555721998215,
2684,16,0,0.06251604855060577,
2685,16,0,0.06854288280010223,
2686,16,0,0.07064281404018402,
2687,16,0,0.06610992550849915,
2688,16,0,0.06488059461116791,
2689,16,0,0.06963248550891876,
2690,16,0,0.06628772616386414,
2691,16,0,0.07787197083234787,
2692,16,0,0.0685289204120636,
